Test Number,Was Tested On P1,Was Tested On P2,Was Tested On P3,Was Tested On P4,Was Tested On Multiple Participants,Test Type,Style,Tempo,GMD Drummer,GMD Performance Session,GMD Segment Type,GMD Segment Meter,Selected 2Bars From Start,Dualized Midifolder Path,Test Folder
001,True,True,True,True,True,Three Random Repetitions,jazz-swing,110.0,drummer10,session1,beat,4-4,15,midi_files/Repetitions/tested_with_four_participants/dualized,midi_files/Repetitions/tested_with_four_participants/[001 P1P2P3P4] drummer10-session1-9_jazz-swing_110_beat_4-4_best_2bar_segment_15
002,True,True,True,True,True,Three Random Repetitions,soul-groove4,80.0,drummer1,eval,beat,4-4,6,midi_files/Repetitions/tested_with_four_participants/dualized,midi_files/Repetitions/tested_with_four_participants/[002 P1P2P3P4] drummer1-eval-session-4_soul-groove4_80_beat_4-4_best_2bar_segment_6
003,True,True,True,True,True,Three Random Repetitions,reggae,78.0,drummer1,session1,beat,4-4,8,midi_files/Repetitions/tested_with_four_participants/dualized,midi_files/Repetitions/tested_with_four_participants/[003 P1P2P3P4] drummer1-session1-184_reggae_78_beat_4-4_best_2bar_segment_8
004,True,True,True,True,True,Three Random Repetitions,rock-halftime,140.0,drummer1,session1,beat,4-4,10,midi_files/Repetitions/tested_with_four_participants/dualized,midi_files/Repetitions/tested_with_four_participants/[004 P1P2P3P4] drummer1-session1-202_rock-halftime_140_beat_4-4_best_2bar_segment_10
005,True,True,True,True,True,Three Random Repetitions,latin-samba,116.0,drummer1,session1,beat,4-4,25,midi_files/Repetitions/tested_with_four_participants/dualized,midi_files/Repetitions/tested_with_four_participants/[005 P1P2P3P4] drummer1-session1-38_latin-samba_116_beat_4-4_best_2bar_segment_25
006,True,True,True,True,True,Three Random Repetitions,jazz-funk,116.0,drummer1,session1,beat,4-4,5,midi_files/Repetitions/tested_with_four_participants/dualized,midi_files/Repetitions/tested_with_four_participants/[006 P1P2P3P4] drummer1-session1-4_jazz-funk_116_beat_4-4_best_2bar_segment_5
007,True,True,True,True,True,Three Random Repetitions,punk,140.0,drummer1,session2,beat,4-4,16,midi_files/Repetitions/tested_with_four_participants/dualized,midi_files/Repetitions/tested_with_four_participants/[007 P1P2P3P4] drummer1-session2-32_punk_140_beat_4-4_best_2bar_segment_16
008,True,True,True,True,True,Three Random Repetitions,dance-disco,120.0,drummer1,session3,beat,4-4,68,midi_files/Repetitions/tested_with_four_participants/dualized,midi_files/Repetitions/tested_with_four_participants/[008 P1P2P3P4] drummer1-session3-6_dance-disco_120_beat_4-4_best_2bar_segment_68
009,True,True,True,True,True,Three Random Repetitions,funk-groove5,84.0,drummer5,eval,beat,4-4,6,midi_files/Repetitions/tested_with_four_participants/dualized,midi_files/Repetitions/tested_with_four_participants/[009 P1P2P3P4] drummer5-eval-session-5_funk-groove5_84_beat_4-4_best_2bar_segment_6
010,True,True,True,True,True,Three Random Repetitions,afrocuban,128.0,drummer5,session1,beat,4-4,61,midi_files/Repetitions/tested_with_four_participants/dualized,midi_files/Repetitions/tested_with_four_participants/[010 P1P2P3P4] drummer5-session1-18_afrocuban_128_beat_4-4_best_2bar_segment_61
011,True,True,True,True,True,Three Random Repetitions,latin-brazilian-samba,89.0,drummer5,session1,beat,4-4,15,midi_files/Repetitions/tested_with_four_participants/dualized,midi_files/Repetitions/tested_with_four_participants/[011 P1P2P3P4] drummer5-session1-3_latin-brazilian-samba_89_beat_4-4_best_2bar_segment_15
012,True,True,True,True,True,Three Random Repetitions,latin-brazilian,101.0,drummer5,session2,beat,4-4,25,midi_files/Repetitions/tested_with_four_participants/dualized,midi_files/Repetitions/tested_with_four_participants/[012 P1P2P3P4] drummer5-session2-3_latin-brazilian_101_beat_4-4_best_2bar_segment_25
013,True,True,True,True,True,Three Random Repetitions,neworleans-shuffle,104.0,drummer5,session2,beat,4-4,5,midi_files/Repetitions/tested_with_four_participants/dualized,midi_files/Repetitions/tested_with_four_participants/[013 P1P2P3P4] drummer5-session2-9_neworleans-shuffle_104_beat_4-4_best_2bar_segment_5
014,True,True,True,True,True,Three Random Repetitions,funk-groove5,84.0,drummer7,eval,beat,4-4,9,midi_files/Repetitions/tested_with_four_participants/dualized,midi_files/Repetitions/tested_with_four_participants/[014 P1P2P3P4] drummer7-eval-session-5_funk-groove5_84_beat_4-4_best_2bar_segment_9
015,True,True,True,True,True,Three Random Repetitions,jazz,112.0,drummer7,session1,beat,4-4,25,midi_files/Repetitions/tested_with_four_participants/dualized,midi_files/Repetitions/tested_with_four_participants/[015 P1P2P3P4] drummer7-session1-15_jazz_112_beat_4-4_best_2bar_segment_25
016,True,True,True,True,True,Three Random Repetitions,hiphop,100.0,drummer7,session1,beat,4-4,2,midi_files/Repetitions/tested_with_four_participants/dualized,midi_files/Repetitions/tested_with_four_participants/[016 P1P2P3P4] drummer7-session1-22_hiphop_100_beat_4-4_best_2bar_segment_2
017,True,True,True,True,True,Three Random Repetitions,hiphop,100.0,drummer7,session1,beat,4-4,1,midi_files/Repetitions/tested_with_four_participants/dualized,midi_files/Repetitions/tested_with_four_participants/[017 P1P2P3P4] drummer7-session1-38_hiphop_100_beat_4-4_best_2bar_segment_1
018,True,True,True,True,True,Three Random Repetitions,rock,93.0,drummer7,session1,beat,4-4,5,midi_files/Repetitions/tested_with_four_participants/dualized,midi_files/Repetitions/tested_with_four_participants/[018 P1P2P3P4] drummer7-session1-8_rock_93_beat_4-4_best_2bar_segment_5
019,True,True,True,True,True,Three Random Repetitions,rock,120.0,drummer7,session2,beat,4-4,0,midi_files/Repetitions/tested_with_four_participants/dualized,midi_files/Repetitions/tested_with_four_participants/[019 P1P2P3P4] drummer7-session2-1_rock_120_beat_4-4_best_2bar_segment_0
020,True,True,True,True,True,Three Random Repetitions,hiphop,75.0,drummer7,session2,beat,4-4,0,midi_files/Repetitions/tested_with_four_participants/dualized,midi_files/Repetitions/tested_with_four_participants/[020 P1P2P3P4] drummer7-session2-92_hiphop_75_beat_4-4_best_2bar_segment_0
021,True,True,True,True,True,Three Random Repetitions,pop,142.0,drummer7,session2,beat,4-4,24,midi_files/Repetitions/tested_with_four_participants/dualized,midi_files/Repetitions/tested_with_four_participants/[021 P1P2P3P4] drummer7-session2-96_pop_142_beat_4-4_best_2bar_segment_24
022,True,True,True,True,True,Three Random Repetitions,soul,105.0,drummer7,session3,beat,4-4,9,midi_files/Repetitions/tested_with_four_participants/dualized,midi_files/Repetitions/tested_with_four_participants/[022 P1P2P3P4] drummer7-session3-131_soul_105_beat_4-4_best_2bar_segment_9
023,True,True,True,True,True,Three Random Repetitions,afrobeat,103.0,drummer8,session2,beat,4-4,20,midi_files/Repetitions/tested_with_four_participants/dualized,midi_files/Repetitions/tested_with_four_participants/[023 P1P2P3P4] drummer8-session2-13_afrobeat_103_beat_4-4_best_2bar_segment_20
024,True,True,True,True,True,Three Random Repetitions,latin,84.0,drummer8,session2,beat,4-4,32,midi_files/Repetitions/tested_with_four_participants/dualized,midi_files/Repetitions/tested_with_four_participants/[024 P1P2P3P4] drummer8-session2-24_latin_84_beat_4-4_best_2bar_segment_32
025,True,False,False,False,False,Three Random Repetitions,jazz-swing,110.0,drummer10,session1,beat,4-4,27,midi_files/Repetitions/tested_with_Participant_1_Only/dualized,midi_files/Repetitions/tested_with_Participant_1_Only/[025 P1] drummer10-session1-10_jazz-swing_110_beat_4-4_best_2bar_segment_27
026,True,False,False,False,False,Three Random Repetitions,jazz-swing,215.0,drummer10,session1,beat,4-4,4,midi_files/Repetitions/tested_with_Participant_1_Only/dualized,midi_files/Repetitions/tested_with_Participant_1_Only/[026 P1] drummer10-session1-7_jazz-swing_215_beat_4-4_best_2bar_segment_4
027,True,False,False,False,False,Three Random Repetitions,soul-groove10,102.0,drummer1,eval,beat,4-4,6,midi_files/Repetitions/tested_with_Participant_1_Only/dualized,midi_files/Repetitions/tested_with_Participant_1_Only/[027 P1] drummer1-eval-session-10_soul-groove10_102_beat_4-4_best_2bar_segment_6
028,True,False,False,False,False,Three Random Repetitions,jazz,125.0,drummer1,session1,beat,4-4,36,midi_files/Repetitions/tested_with_Participant_1_Only/dualized,midi_files/Repetitions/tested_with_Participant_1_Only/[028 P1] drummer1-session1-52_jazz_125_beat_4-4_best_2bar_segment_36
029,True,False,False,False,False,Three Random Repetitions,neworleans-funk,84.0,drummer1,session1,beat,4-4,24,midi_files/Repetitions/tested_with_Participant_1_Only/dualized,midi_files/Repetitions/tested_with_Participant_1_Only/[029 P1] drummer1-session1-82_neworleans-funk_84_beat_4-4_best_2bar_segment_24
030,True,False,False,False,False,Three Random Repetitions,jazz-march,120.0,drummer1,session2,beat,4-4,15,midi_files/Repetitions/tested_with_Participant_1_Only/dualized,midi_files/Repetitions/tested_with_Participant_1_Only/[030 P1] drummer1-session2-9_jazz-march_120_beat_4-4_best_2bar_segment_15
031,True,False,False,False,False,Three Random Repetitions,rock-rockabilly,200.0,drummer1,session3,beat,4-4,24,midi_files/Repetitions/tested_with_Participant_1_Only/dualized,midi_files/Repetitions/tested_with_Participant_1_Only/[031 P1] drummer1-session3-3_rock-rockabilly_200_beat_4-4_best_2bar_segment_24
032,True,False,False,False,False,Three Random Repetitions,dance-disco,120.0,drummer1,session3,beat,4-4,10,midi_files/Repetitions/tested_with_Participant_1_Only/dualized,midi_files/Repetitions/tested_with_Participant_1_Only/[032 P1] drummer1-session3-7_dance-disco_120_beat_4-4_best_2bar_segment_10
033,True,False,False,False,False,Three Random Repetitions,rock,120.0,drummer3,session1,beat,4-4,0,midi_files/Repetitions/tested_with_Participant_1_Only/dualized,midi_files/Repetitions/tested_with_Participant_1_Only/[033 P1] drummer3-session1-20_rock_120_beat_4-4_best_2bar_segment_0
034,True,False,False,False,False,Three Random Repetitions,jazz-klezmer,152.0,drummer4,session1,beat,4-4,3,midi_files/Repetitions/tested_with_Participant_1_Only/dualized,midi_files/Repetitions/tested_with_Participant_1_Only/[034 P1] drummer4-session1-3_jazz-klezmer_152_beat_4-4_best_2bar_segment_3
035,True,False,False,False,False,Three Random Repetitions,funk-groove1,138.0,drummer5,eval,beat,4-4,0,midi_files/Repetitions/tested_with_Participant_1_Only/dualized,midi_files/Repetitions/tested_with_Participant_1_Only/[035 P1] drummer5-eval-session-1_funk-groove1_138_beat_4-4_best_2bar_segment_0
036,True,False,False,False,False,Three Random Repetitions,soul-groove3,86.0,drummer5,eval,beat,4-4,4,midi_files/Repetitions/tested_with_Participant_1_Only/dualized,midi_files/Repetitions/tested_with_Participant_1_Only/[036 P1] drummer5-eval-session-3_soul-groove3_86_beat_4-4_best_2bar_segment_4
037,True,False,False,False,False,Three Random Repetitions,hiphop-groove6,87.0,drummer5,eval,beat,4-4,3,midi_files/Repetitions/tested_with_Participant_1_Only/dualized,midi_files/Repetitions/tested_with_Participant_1_Only/[037 P1] drummer5-eval-session-6_hiphop-groove6_87_beat_4-4_best_2bar_segment_3
038,True,False,False,False,False,Three Random Repetitions,pop-groove7,138.0,drummer5,eval,beat,4-4,6,midi_files/Repetitions/tested_with_Participant_1_Only/dualized,midi_files/Repetitions/tested_with_Participant_1_Only/[038 P1] drummer5-eval-session-7_pop-groove7_138_beat_4-4_best_2bar_segment_6
039,True,False,False,False,False,Three Random Repetitions,latin-brazilian-sambareggae,96.0,drummer5,session1,beat,4-4,11,midi_files/Repetitions/tested_with_Participant_1_Only/dualized,midi_files/Repetitions/tested_with_Participant_1_Only/[039 P1] drummer5-session1-11_latin-brazilian-sambareggae_96_beat_4-4_best_2bar_segment_11
040,True,False,False,False,False,Three Random Repetitions,latin-brazilian-sambareggae,96.0,drummer5,session1,beat,4-4,41,midi_files/Repetitions/tested_with_Participant_1_Only/dualized,midi_files/Repetitions/tested_with_Participant_1_Only/[040 P1] drummer5-session1-12_latin-brazilian-sambareggae_96_beat_4-4_best_2bar_segment_41
041,True,False,False,False,False,Three Random Repetitions,latin-brazilian-songo,112.0,drummer5,session1,beat,4-4,120,midi_files/Repetitions/tested_with_Participant_1_Only/dualized,midi_files/Repetitions/tested_with_Participant_1_Only/[041 P1] drummer5-session1-14_latin-brazilian-songo_112_beat_4-4_best_2bar_segment_120
042,True,False,False,False,False,Three Random Repetitions,latin-brazilian-bossa,127.0,drummer5,session1,beat,4-4,16,midi_files/Repetitions/tested_with_Participant_1_Only/dualized,midi_files/Repetitions/tested_with_Participant_1_Only/[042 P1] drummer5-session1-1_latin-brazilian-bossa_127_beat_4-4_best_2bar_segment_16
043,True,False,False,False,False,Three Random Repetitions,latin-dominican-merengue,130.0,drummer5,session1,beat,4-4,51,midi_files/Repetitions/tested_with_Participant_1_Only/dualized,midi_files/Repetitions/tested_with_Participant_1_Only/[043 P1] drummer5-session1-9_latin-dominican-merengue_130_beat_4-4_best_2bar_segment_51
044,True,False,False,False,False,Three Random Repetitions,neworleans-secondline,124.0,drummer5,session2,beat,4-4,9,midi_files/Repetitions/tested_with_Participant_1_Only/dualized,midi_files/Repetitions/tested_with_Participant_1_Only/[044 P1] drummer5-session2-7_neworleans-secondline_124_beat_4-4_best_2bar_segment_9
045,True,False,False,False,False,Three Random Repetitions,rock,180.0,drummer6,session3,beat,4-4,33,midi_files/Repetitions/tested_with_Participant_1_Only/dualized,midi_files/Repetitions/tested_with_Participant_1_Only/[045 P1] drummer6-session3-5_rock_180_beat_4-4_best_2bar_segment_33
046,True,False,False,False,False,Three Random Repetitions,soul-groove10,102.0,drummer7,eval,beat,4-4,3,midi_files/Repetitions/tested_with_Participant_1_Only/dualized,midi_files/Repetitions/tested_with_Participant_1_Only/[046 P1] drummer7-eval-session-10_soul-groove10_102_beat_4-4_best_2bar_segment_3
047,True,False,False,False,False,Three Random Repetitions,soul-groove3,86.0,drummer7,eval,beat,4-4,7,midi_files/Repetitions/tested_with_Participant_1_Only/dualized,midi_files/Repetitions/tested_with_Participant_1_Only/[047 P1] drummer7-eval-session-3_soul-groove3_86_beat_4-4_best_2bar_segment_7
048,True,False,False,False,False,Three Random Repetitions,hiphop,100.0,drummer7,session1,beat,4-4,1,midi_files/Repetitions/tested_with_Participant_1_Only/dualized,midi_files/Repetitions/tested_with_Participant_1_Only/[048 P1] drummer7-session1-18_hiphop_100_beat_4-4_best_2bar_segment_1
049,True,False,False,False,False,Three Random Repetitions,pop,132.0,drummer7,session2,beat,4-4,1,midi_files/Repetitions/tested_with_Participant_1_Only/dualized,midi_files/Repetitions/tested_with_Participant_1_Only/[049 P1] drummer7-session2-104_pop_132_beat_4-4_best_2bar_segment_1
050,True,False,False,False,False,Three Random Repetitions,jazz-fusion,96.0,drummer7,session2,beat,4-4,2,midi_files/Repetitions/tested_with_Participant_1_Only/dualized,midi_files/Repetitions/tested_with_Participant_1_Only/[050 P1] drummer7-session2-114_jazz-fusion_96_beat_4-4_best_2bar_segment_2
051,True,False,False,False,False,Three Random Repetitions,jazz-fusion,96.0,drummer7,session2,beat,4-4,6,midi_files/Repetitions/tested_with_Participant_1_Only/dualized,midi_files/Repetitions/tested_with_Participant_1_Only/[051 P1] drummer7-session2-115_jazz-fusion_96_beat_4-4_best_2bar_segment_6
052,True,False,False,False,False,Three Random Repetitions,funk,100.0,drummer7,session2,beat,4-4,0,midi_files/Repetitions/tested_with_Participant_1_Only/dualized,midi_files/Repetitions/tested_with_Participant_1_Only/[052 P1] drummer7-session2-77_funk_100_beat_4-4_best_2bar_segment_0
053,True,False,False,False,False,Three Random Repetitions,hiphop,75.0,drummer7,session2,beat,4-4,0,midi_files/Repetitions/tested_with_Participant_1_Only/dualized,midi_files/Repetitions/tested_with_Participant_1_Only/[053 P1] drummer7-session2-93_hiphop_75_beat_4-4_best_2bar_segment_0
054,True,False,False,False,False,Three Random Repetitions,hiphop,70.0,drummer7,session3,beat,4-4,1,midi_files/Repetitions/tested_with_Participant_1_Only/dualized,midi_files/Repetitions/tested_with_Participant_1_Only/[054 P1] drummer7-session3-106_hiphop_70_beat_4-4_best_2bar_segment_1
055,True,False,False,False,False,Three Random Repetitions,soul,105.0,drummer7,session3,beat,4-4,4,midi_files/Repetitions/tested_with_Participant_1_Only/dualized,midi_files/Repetitions/tested_with_Participant_1_Only/[055 P1] drummer7-session3-133_soul_105_beat_4-4_best_2bar_segment_4
056,True,False,False,False,False,Three Random Repetitions,rock,60.0,drummer7,session3,beat,4-4,4,midi_files/Repetitions/tested_with_Participant_1_Only/dualized,midi_files/Repetitions/tested_with_Participant_1_Only/[056 P1] drummer7-session3-1_rock_60_beat_4-4_best_2bar_segment_4
057,True,False,False,False,False,Three Random Repetitions,pop-soft,83.0,drummer7,session3,beat,4-4,1,midi_files/Repetitions/tested_with_Participant_1_Only/dualized,midi_files/Repetitions/tested_with_Participant_1_Only/[057 P1] drummer7-session3-23_pop-soft_83_beat_4-4_best_2bar_segment_1
058,True,False,False,False,False,Three Random Repetitions,hiphop,67.0,drummer7,session3,beat,4-4,12,midi_files/Repetitions/tested_with_Participant_1_Only/dualized,midi_files/Repetitions/tested_with_Participant_1_Only/[058 P1] drummer7-session3-24_hiphop_67_beat_4-4_best_2bar_segment_12
059,True,False,False,False,False,Three Random Repetitions,funk,112.0,drummer7,session3,beat,4-4,3,midi_files/Repetitions/tested_with_Participant_1_Only/dualized,midi_files/Repetitions/tested_with_Participant_1_Only/[059 P1] drummer7-session3-49_funk_112_beat_4-4_best_2bar_segment_3
060,True,False,False,False,False,Three Random Repetitions,neworleans-funk,82.0,drummer8,session1,beat,4-4,1,midi_files/Repetitions/tested_with_Participant_1_Only/dualized,midi_files/Repetitions/tested_with_Participant_1_Only/[060 P1] drummer8-session1-11_neworleans-funk_82_beat_4-4_best_2bar_segment_1
061,True,False,False,False,False,Three Random Repetitions,latin,118.0,drummer8,session1,beat,4-4,21,midi_files/Repetitions/tested_with_Participant_1_Only/dualized,midi_files/Repetitions/tested_with_Participant_1_Only/[061 P1] drummer8-session1-12_latin_118_beat_4-4_best_2bar_segment_21
062,True,False,False,False,False,Three Random Repetitions,hiphop,94.0,drummer8,session1,beat,4-4,11,midi_files/Repetitions/tested_with_Participant_1_Only/dualized,midi_files/Repetitions/tested_with_Participant_1_Only/[062 P1] drummer8-session1-15_hiphop_94_beat_4-4_best_2bar_segment_11
063,True,False,False,False,False,Three Random Repetitions,funk,108.0,drummer8,session1,beat,4-4,27,midi_files/Repetitions/tested_with_Participant_1_Only/dualized,midi_files/Repetitions/tested_with_Participant_1_Only/[063 P1] drummer8-session1-19_funk_108_beat_4-4_best_2bar_segment_27
064,True,False,False,False,False,Three Random Repetitions,funk,80.0,drummer8,session1,beat,4-4,11,midi_files/Repetitions/tested_with_Participant_1_Only/dualized,midi_files/Repetitions/tested_with_Participant_1_Only/[064 P1] drummer8-session1-7_funk_80_beat_4-4_best_2bar_segment_11
065,True,False,False,False,False,Three Random Repetitions,hiphop,86.0,drummer8,session2,beat,4-4,4,midi_files/Repetitions/tested_with_Participant_1_Only/dualized,midi_files/Repetitions/tested_with_Participant_1_Only/[065 P1] drummer8-session2-10_hiphop_86_beat_4-4_best_2bar_segment_4
066,True,False,False,False,False,Three Random Repetitions,funk,95.0,drummer8,session2,beat,4-4,4,midi_files/Repetitions/tested_with_Participant_1_Only/dualized,midi_files/Repetitions/tested_with_Participant_1_Only/[066 P1] drummer8-session2-16_funk_95_beat_4-4_best_2bar_segment_4
067,True,False,False,False,False,Three Random Repetitions,afrobeat,85.0,drummer8,session2,beat,4-4,3,midi_files/Repetitions/tested_with_Participant_1_Only/dualized,midi_files/Repetitions/tested_with_Participant_1_Only/[067 P1] drummer8-session2-18_afrobeat_85_beat_4-4_best_2bar_segment_3
068,True,False,False,False,False,Three Random Repetitions,dance-disco,137.0,drummer8,session2,beat,4-4,38,midi_files/Repetitions/tested_with_Participant_1_Only/dualized,midi_files/Repetitions/tested_with_Participant_1_Only/[068 P1] drummer8-session2-27_dance-disco_137_beat_4-4_best_2bar_segment_38
069,True,False,False,False,False,Three Random Repetitions,latin-brazilian-songo,120.0,drummer8,session2,beat,4-4,32,midi_files/Repetitions/tested_with_Participant_1_Only/dualized,midi_files/Repetitions/tested_with_Participant_1_Only/[069 P1] drummer8-session2-34_latin-brazilian-songo_120_beat_4-4_best_2bar_segment_32
070,True,False,False,False,False,Three Random Repetitions,rock-indie,104.0,drummer8,session2,beat,4-4,19,midi_files/Repetitions/tested_with_Participant_1_Only/dualized,midi_files/Repetitions/tested_with_Participant_1_Only/[070 P1] drummer8-session2-39_rock-indie_104_beat_4-4_best_2bar_segment_19
071,True,False,False,False,False,Three Random Repetitions,rock,120.0,drummer9,session1,beat,4-4,0,midi_files/Repetitions/tested_with_Participant_1_Only/dualized,midi_files/Repetitions/tested_with_Participant_1_Only/[071 P1] drummer9-session1-21_rock_120_beat_4-4_best_2bar_segment_0
072,True,False,False,False,False,Three Random Repetitions,rock,90.0,drummer9,session1,beat,4-4,1,midi_files/Repetitions/tested_with_Participant_1_Only/dualized,midi_files/Repetitions/tested_with_Participant_1_Only/[072 P1] drummer9-session1-29_rock_90_beat_4-4_best_2bar_segment_1
073,True,True,False,False,True,Simple Complex,soul-groove3,86.0,drummer1,eval,beat,4-4,6,midi_files/SimpleComplex/tested_with_two_participants/dualized,midi_files/SimpleComplex/tested_with_two_participants/[073 P1P2] drummer1-eval-session-3_soul-groove3_86_beat_4-4_best_2bar_segment_6
074,True,True,False,False,True,Simple Complex,neworleans-secondline,94.0,drummer1,session1,beat,4-4,10,midi_files/SimpleComplex/tested_with_two_participants/dualized,midi_files/SimpleComplex/tested_with_two_participants/[074 P1P2] drummer1-session1-100_neworleans-secondline_94_beat_4-4_best_2bar_segment_10
075,True,True,False,False,True,Simple Complex,afrocuban,105.0,drummer1,session1,beat,4-4,15,midi_files/SimpleComplex/tested_with_two_participants/dualized,midi_files/SimpleComplex/tested_with_two_participants/[075 P1P2] drummer1-session1-183_afrocuban_105_beat_4-4_best_2bar_segment_15
076,True,True,False,False,True,Simple Complex,funk,80.0,drummer1,session1,beat,4-4,6,midi_files/SimpleComplex/tested_with_two_participants/dualized,midi_files/SimpleComplex/tested_with_two_participants/[076 P1P2] drummer1-session1-3_funk_80_beat_4-4_best_2bar_segment_6
077,True,True,False,False,True,Simple Complex,jazz,102.0,drummer1,session1,beat,4-4,11,midi_files/SimpleComplex/tested_with_two_participants/dualized,midi_files/SimpleComplex/tested_with_two_participants/[077 P1P2] drummer1-session1-47_jazz_102_beat_4-4_best_2bar_segment_11
078,True,True,False,False,True,Simple Complex,rock-shuffle,125.0,drummer1,session1,beat,4-4,14,midi_files/SimpleComplex/tested_with_two_participants/dualized,midi_files/SimpleComplex/tested_with_two_participants/[078 P1P2] drummer1-session1-51_rock-shuffle_125_beat_4-4_best_2bar_segment_14
079,True,True,False,False,True,Simple Complex,jazz-mediumfast,180.0,drummer1,session1,beat,4-4,0,midi_files/SimpleComplex/tested_with_two_participants/dualized,midi_files/SimpleComplex/tested_with_two_participants/[079 P1P2] drummer1-session1-76_jazz-mediumfast_180_beat_4-4_best_2bar_segment_0
080,True,True,False,False,True,Simple Complex,jazz-mediumfast,180.0,drummer1,session1,beat,4-4,57,midi_files/SimpleComplex/tested_with_two_participants/dualized,midi_files/SimpleComplex/tested_with_two_participants/[080 P1P2] drummer1-session1-77_jazz-mediumfast_180_beat_4-4_best_2bar_segment_57
081,True,True,False,False,True,Simple Complex,dance-breakbeat,170.0,drummer1,session1,beat,4-4,4,midi_files/SimpleComplex/tested_with_two_participants/dualized,midi_files/SimpleComplex/tested_with_two_participants/[081 P1P2] drummer1-session1-81_dance-breakbeat_170_beat_4-4_best_2bar_segment_4
082,True,True,False,False,True,Simple Complex,latin-chacarera,118.0,drummer1,session2,beat,4-4,3,midi_files/SimpleComplex/tested_with_two_participants/dualized,midi_files/SimpleComplex/tested_with_two_participants/[082 P1P2] drummer1-session2-3_latin-chacarera_118_beat_4-4_best_2bar_segment_3
083,True,True,False,False,True,Simple Complex,jazz-swing,185.0,drummer1,session3,beat,4-4,0,midi_files/SimpleComplex/tested_with_two_participants/dualized,midi_files/SimpleComplex/tested_with_two_participants/[083 P1P2] drummer1-session3-2_jazz-swing_185_beat_4-4_best_2bar_segment_0
084,True,True,False,False,True,Simple Complex,jazz-linear,128.0,drummer1,session3,beat,4-4,61,midi_files/SimpleComplex/tested_with_two_participants/dualized,midi_files/SimpleComplex/tested_with_two_participants/[084 P1P2] drummer1-session3-5_jazz-linear_128_beat_4-4_best_2bar_segment_61
085,True,True,False,False,True,Simple Complex,rock,135.0,drummer1,session3,beat,4-4,5,midi_files/SimpleComplex/tested_with_two_participants/dualized,midi_files/SimpleComplex/tested_with_two_participants/[085 P1P2] drummer1-session3-9_rock_135_beat_4-4_best_2bar_segment_5
086,True,True,False,False,True,Simple Complex,rock,130.0,drummer2,session2,beat,4-4,2,midi_files/SimpleComplex/tested_with_two_participants/dualized,midi_files/SimpleComplex/tested_with_two_participants/[086 P1P2] drummer2-session2-3_rock_130_beat_4-4_best_2bar_segment_2
087,True,True,False,False,True,Simple Complex,rock,130.0,drummer2,session2,beat,4-4,15,midi_files/SimpleComplex/tested_with_two_participants/dualized,midi_files/SimpleComplex/tested_with_two_participants/[087 P1P2] drummer2-session2-8_rock_130_beat_4-4_best_2bar_segment_15
088,True,True,False,False,True,Simple Complex,rock,105.0,drummer3,session1,beat,4-4,0,midi_files/SimpleComplex/tested_with_two_participants/dualized,midi_files/SimpleComplex/tested_with_two_participants/[088 P1P2] drummer3-session1-10_rock_105_beat_4-4_best_2bar_segment_0
089,True,True,False,False,True,Simple Complex,rock,105.0,drummer3,session1,beat,4-4,4,midi_files/SimpleComplex/tested_with_two_participants/dualized,midi_files/SimpleComplex/tested_with_two_participants/[089 P1P2] drummer3-session1-5_rock_105_beat_4-4_best_2bar_segment_4
090,True,True,False,False,True,Simple Complex,jazz,105.0,drummer3,session1,beat,4-4,2,midi_files/SimpleComplex/tested_with_two_participants/dualized,midi_files/SimpleComplex/tested_with_two_participants/[090 P1P2] drummer3-session1-8_jazz_105_beat_4-4_best_2bar_segment_2
091,True,True,False,False,True,Simple Complex,rock,92.0,drummer3,session2,beat,4-4,0,midi_files/SimpleComplex/tested_with_two_participants/dualized,midi_files/SimpleComplex/tested_with_two_participants/[091 P1P2] drummer3-session2-21_rock_92_beat_4-4_best_2bar_segment_0
092,True,True,False,False,True,Simple Complex,rock,110.0,drummer3,session2,beat,4-4,0,midi_files/SimpleComplex/tested_with_two_participants/dualized,midi_files/SimpleComplex/tested_with_two_participants/[092 P1P2] drummer3-session2-43_rock_110_beat_4-4_best_2bar_segment_0
093,True,True,False,False,True,Simple Complex,rock,100.0,drummer3,session2,beat,4-4,4,midi_files/SimpleComplex/tested_with_two_participants/dualized,midi_files/SimpleComplex/tested_with_two_participants/[093 P1P2] drummer3-session2-6_rock_100_beat_4-4_best_2bar_segment_4
094,True,True,False,False,True,Simple Complex,soul-groove4,80.0,drummer5,eval,beat,4-4,2,midi_files/SimpleComplex/tested_with_two_participants/dualized,midi_files/SimpleComplex/tested_with_two_participants/[094 P1P2] drummer5-eval-session-4_soul-groove4_80_beat_4-4_best_2bar_segment_2
095,True,True,False,False,True,Simple Complex,latin-brazilian-samba,89.0,drummer5,session1,beat,4-4,1,midi_files/SimpleComplex/tested_with_two_participants/dualized,midi_files/SimpleComplex/tested_with_two_participants/[095 P1P2] drummer5-session1-5_latin-brazilian-samba_89_beat_4-4_best_2bar_segment_1
096,True,True,False,False,True,Simple Complex,latin-brazilian-samba,110.0,drummer5,session2,beat,4-4,4,midi_files/SimpleComplex/tested_with_two_participants/dualized,midi_files/SimpleComplex/tested_with_two_participants/[096 P1P2] drummer5-session2-17_latin-brazilian-samba_110_beat_4-4_best_2bar_segment_4
097,True,True,False,False,True,Simple Complex,reggae,126.0,drummer5,session2,beat,4-4,32,midi_files/SimpleComplex/tested_with_two_participants/dualized,midi_files/SimpleComplex/tested_with_two_participants/[097 P1P2] drummer5-session2-5_reggae_126_beat_4-4_best_2bar_segment_32
098,True,True,False,False,True,Simple Complex,rock,95.0,drummer6,session2,beat,4-4,31,midi_files/SimpleComplex/tested_with_two_participants/dualized,midi_files/SimpleComplex/tested_with_two_participants/[098 P1P2] drummer6-session2-1_rock_95_beat_4-4_best_2bar_segment_31
099,True,True,False,False,True,Simple Complex,rock,95.0,drummer6,session2,beat,4-4,31,midi_files/SimpleComplex/tested_with_two_participants/dualized,midi_files/SimpleComplex/tested_with_two_participants/[099 P1P2] drummer6-session2-2_rock_95_beat_4-4_best_2bar_segment_31
100,True,True,False,False,True,Simple Complex,rock,88.0,drummer6,session2,beat,4-4,57,midi_files/SimpleComplex/tested_with_two_participants/dualized,midi_files/SimpleComplex/tested_with_two_participants/[100 P1P2] drummer6-session2-3_rock_88_beat_4-4_best_2bar_segment_57
101,True,True,False,False,True,Simple Complex,rock,100.0,drummer6,session3,beat,4-4,26,midi_files/SimpleComplex/tested_with_two_participants/dualized,midi_files/SimpleComplex/tested_with_two_participants/[101 P1P2] drummer6-session3-3_rock_100_beat_4-4_best_2bar_segment_26
102,True,True,False,False,True,Simple Complex,rock,88.0,drummer6,session3,beat,4-4,19,midi_files/SimpleComplex/tested_with_two_participants/dualized,midi_files/SimpleComplex/tested_with_two_participants/[102 P1P2] drummer6-session3-6_rock_88_beat_4-4_best_2bar_segment_19
103,True,True,False,False,True,Simple Complex,funk-groove1,138.0,drummer7,eval,beat,4-4,6,midi_files/SimpleComplex/tested_with_two_participants/dualized,midi_files/SimpleComplex/tested_with_two_participants/[103 P1P2] drummer7-eval-session-1_funk-groove1_138_beat_4-4_best_2bar_segment_6
104,True,True,False,False,True,Simple Complex,funk,102.0,drummer7,session1,beat,4-4,11,midi_files/SimpleComplex/tested_with_two_participants/dualized,midi_files/SimpleComplex/tested_with_two_participants/[104 P1P2] drummer7-session1-12_funk_102_beat_4-4_best_2bar_segment_11
105,True,True,False,False,True,Simple Complex,hiphop,100.0,drummer7,session1,beat,4-4,3,midi_files/SimpleComplex/tested_with_two_participants/dualized,midi_files/SimpleComplex/tested_with_two_participants/[105 P1P2] drummer7-session1-16_hiphop_100_beat_4-4_best_2bar_segment_3
106,True,True,False,False,True,Simple Complex,hiphop,100.0,drummer7,session1,beat,4-4,19,midi_files/SimpleComplex/tested_with_two_participants/dualized,midi_files/SimpleComplex/tested_with_two_participants/[106 P1P2] drummer7-session1-17_hiphop_100_beat_4-4_best_2bar_segment_19
107,True,True,False,False,True,Simple Complex,rock,86.0,drummer7,session1,beat,4-4,3,midi_files/SimpleComplex/tested_with_two_participants/dualized,midi_files/SimpleComplex/tested_with_two_participants/[107 P1P2] drummer7-session1-1_rock_86_beat_4-4_best_2bar_segment_3
108,True,True,False,False,True,Simple Complex,hiphop,100.0,drummer7,session1,beat,4-4,6,midi_files/SimpleComplex/tested_with_two_participants/dualized,midi_files/SimpleComplex/tested_with_two_participants/[108 P1P2] drummer7-session1-39_hiphop_100_beat_4-4_best_2bar_segment_6
109,True,True,False,False,True,Simple Complex,rock,93.0,drummer7,session1,beat,4-4,5,midi_files/SimpleComplex/tested_with_two_participants/dualized,midi_files/SimpleComplex/tested_with_two_participants/[109 P1P2] drummer7-session1-7_rock_93_beat_4-4_best_2bar_segment_5
110,True,True,False,False,True,Simple Complex,rock,118.0,drummer7,session2,beat,4-4,14,midi_files/SimpleComplex/tested_with_two_participants/dualized,midi_files/SimpleComplex/tested_with_two_participants/[110 P1P2] drummer7-session2-15_rock_118_beat_4-4_best_2bar_segment_14
111,True,True,False,False,True,Simple Complex,rock,118.0,drummer7,session2,beat,4-4,0,midi_files/SimpleComplex/tested_with_two_participants/dualized,midi_files/SimpleComplex/tested_with_two_participants/[111 P1P2] drummer7-session2-24_rock_118_beat_4-4_best_2bar_segment_0
112,True,True,False,False,True,Simple Complex,rock,135.0,drummer7,session2,beat,4-4,11,midi_files/SimpleComplex/tested_with_two_participants/dualized,midi_files/SimpleComplex/tested_with_two_participants/[112 P1P2] drummer7-session2-45_rock_135_beat_4-4_best_2bar_segment_11
113,True,True,False,False,True,Simple Complex,soul-motown,148.0,drummer7,session2,beat,4-4,2,midi_files/SimpleComplex/tested_with_two_participants/dualized,midi_files/SimpleComplex/tested_with_two_participants/[113 P1P2] drummer7-session2-54_soul-motown_148_beat_4-4_best_2bar_segment_2
114,True,True,False,False,True,Simple Complex,hiphop,75.0,drummer7,session2,beat,4-4,17,midi_files/SimpleComplex/tested_with_two_participants/dualized,midi_files/SimpleComplex/tested_with_two_participants/[114 P1P2] drummer7-session2-87_hiphop_75_beat_4-4_best_2bar_segment_17
115,True,True,False,False,True,Simple Complex,rock-indie,63.0,drummer7,session3,beat,4-4,2,midi_files/SimpleComplex/tested_with_two_participants/dualized,midi_files/SimpleComplex/tested_with_two_participants/[115 P1P2] drummer7-session3-46_rock-indie_63_beat_4-4_best_2bar_segment_2
116,True,True,False,False,True,Simple Complex,funk,112.0,drummer7,session3,beat,4-4,8,midi_files/SimpleComplex/tested_with_two_participants/dualized,midi_files/SimpleComplex/tested_with_two_participants/[116 P1P2] drummer7-session3-64_funk_112_beat_4-4_best_2bar_segment_8
117,True,True,False,False,True,Simple Complex,funk,112.0,drummer7,session3,beat,4-4,13,midi_files/SimpleComplex/tested_with_two_participants/dualized,midi_files/SimpleComplex/tested_with_two_participants/[117 P1P2] drummer7-session3-65_funk_112_beat_4-4_best_2bar_segment_13
118,True,True,False,False,True,Simple Complex,neworleans-funk,93.0,drummer7,session3,beat,4-4,1,midi_files/SimpleComplex/tested_with_two_participants/dualized,midi_files/SimpleComplex/tested_with_two_participants/[118 P1P2] drummer7-session3-91_neworleans-funk_93_beat_4-4_best_2bar_segment_1
119,True,True,False,False,True,Simple Complex,soul-groove3,86.0,drummer8,eval,beat,4-4,10,midi_files/SimpleComplex/tested_with_two_participants/dualized,midi_files/SimpleComplex/tested_with_two_participants/[119 P1P2] drummer8-eval-session-3_soul-groove3_86_beat_4-4_best_2bar_segment_10
120,True,True,False,False,True,Simple Complex,funk-groove5,84.0,drummer8,eval,beat,4-4,1,midi_files/SimpleComplex/tested_with_two_participants/dualized,midi_files/SimpleComplex/tested_with_two_participants/[120 P1P2] drummer8-eval-session-5_funk-groove5_84_beat_4-4_best_2bar_segment_1
121,True,True,False,False,True,Simple Complex,soul-groove9,105.0,drummer8,eval,beat,4-4,4,midi_files/SimpleComplex/tested_with_two_participants/dualized,midi_files/SimpleComplex/tested_with_two_participants/[121 P1P2] drummer8-eval-session-9_soul-groove9_105_beat_4-4_best_2bar_segment_4
122,True,True,False,False,True,Simple Complex,funk-latin,100.0,drummer8,session1,beat,4-4,38,midi_files/SimpleComplex/tested_with_two_participants/dualized,midi_files/SimpleComplex/tested_with_two_participants/[122 P1P2] drummer8-session1-24_funk-latin_100_beat_4-4_best_2bar_segment_38
123,True,True,False,False,True,Simple Complex,funk-latin,100.0,drummer8,session1,beat,4-4,1,midi_files/SimpleComplex/tested_with_two_participants/dualized,midi_files/SimpleComplex/tested_with_two_participants/[123 P1P2] drummer8-session1-25_funk-latin_100_beat_4-4_best_2bar_segment_1
124,True,True,False,False,True,Simple Complex,latin,122.0,drummer8,session1,beat,4-4,35,midi_files/SimpleComplex/tested_with_two_participants/dualized,midi_files/SimpleComplex/tested_with_two_participants/[124 P1P2] drummer8-session1-27_latin_122_beat_4-4_best_2bar_segment_35
125,True,True,False,False,True,Simple Complex,funk,81.0,drummer8,session2,beat,4-4,56,midi_files/SimpleComplex/tested_with_two_participants/dualized,midi_files/SimpleComplex/tested_with_two_participants/[125 P1P2] drummer8-session2-11_funk_81_beat_4-4_best_2bar_segment_56
126,True,True,False,False,True,Simple Complex,funk,95.0,drummer8,session2,beat,4-4,13,midi_files/SimpleComplex/tested_with_two_participants/dualized,midi_files/SimpleComplex/tested_with_two_participants/[126 P1P2] drummer8-session2-15_funk_95_beat_4-4_best_2bar_segment_13
127,True,True,False,False,True,Simple Complex,rock,96.0,drummer8,session2,beat,4-4,23,midi_files/SimpleComplex/tested_with_two_participants/dualized,midi_files/SimpleComplex/tested_with_two_participants/[127 P1P2] drummer8-session2-22_rock_96_beat_4-4_best_2bar_segment_23
128,True,True,False,False,True,Simple Complex,rock,96.0,drummer8,session2,beat,4-4,20,midi_files/SimpleComplex/tested_with_two_participants/dualized,midi_files/SimpleComplex/tested_with_two_participants/[128 P1P2] drummer8-session2-23_rock_96_beat_4-4_best_2bar_segment_20
129,True,True,False,False,True,Simple Complex,latin,84.0,drummer8,session2,beat,4-4,7,midi_files/SimpleComplex/tested_with_two_participants/dualized,midi_files/SimpleComplex/tested_with_two_participants/[129 P1P2] drummer8-session2-25_latin_84_beat_4-4_best_2bar_segment_7
130,True,True,False,False,True,Simple Complex,dance-disco,137.0,drummer8,session2,beat,4-4,32,midi_files/SimpleComplex/tested_with_two_participants/dualized,midi_files/SimpleComplex/tested_with_two_participants/[130 P1P2] drummer8-session2-26_dance-disco_137_beat_4-4_best_2bar_segment_32
131,True,True,False,False,True,Simple Complex,latin-bounce,106.0,drummer8,session2,beat,4-4,62,midi_files/SimpleComplex/tested_with_two_participants/dualized,midi_files/SimpleComplex/tested_with_two_participants/[131 P1P2] drummer8-session2-28_latin-bounce_106_beat_4-4_best_2bar_segment_62
132,True,True,False,False,True,Simple Complex,rock,117.0,drummer8,session2,beat,4-4,17,midi_files/SimpleComplex/tested_with_two_participants/dualized,midi_files/SimpleComplex/tested_with_two_participants/[132 P1P2] drummer8-session2-33_rock_117_beat_4-4_best_2bar_segment_17
133,True,True,False,False,True,Simple Complex,rock,112.0,drummer8,session2,beat,4-4,17,midi_files/SimpleComplex/tested_with_two_participants/dualized,midi_files/SimpleComplex/tested_with_two_participants/[133 P1P2] drummer8-session2-37_rock_112_beat_4-4_best_2bar_segment_17
134,True,True,False,False,True,Simple Complex,latin,95.0,drummer8,session2,beat,4-4,15,midi_files/SimpleComplex/tested_with_two_participants/dualized,midi_files/SimpleComplex/tested_with_two_participants/[134 P1P2] drummer8-session2-7_latin_95_beat_4-4_best_2bar_segment_15
135,True,True,False,False,True,Simple Complex,latin,95.0,drummer8,session2,beat,4-4,5,midi_files/SimpleComplex/tested_with_two_participants/dualized,midi_files/SimpleComplex/tested_with_two_participants/[135 P1P2] drummer8-session2-8_latin_95_beat_4-4_best_2bar_segment_5
136,True,True,False,False,True,Simple Complex,rock,120.0,drummer9,session1,beat,4-4,8,midi_files/SimpleComplex/tested_with_two_participants/dualized,midi_files/SimpleComplex/tested_with_two_participants/[136 P1P2] drummer9-session1-20_rock_120_beat_4-4_best_2bar_segment_8
137,True,True,False,False,True,Simple Complex,rock,120.0,drummer9,session1,beat,4-4,7,midi_files/SimpleComplex/tested_with_two_participants/dualized,midi_files/SimpleComplex/tested_with_two_participants/[137 P1P2] drummer9-session1-22_rock_120_beat_4-4_best_2bar_segment_7
138,True,True,False,False,True,Simple Complex,rock,90.0,drummer9,session1,beat,4-4,3,midi_files/SimpleComplex/tested_with_two_participants/dualized,midi_files/SimpleComplex/tested_with_two_participants/[138 P1P2] drummer9-session1-25_rock_90_beat_4-4_best_2bar_segment_3
139,True,True,False,False,True,Simple Complex,rock,90.0,drummer9,session1,beat,4-4,0,midi_files/SimpleComplex/tested_with_two_participants/dualized,midi_files/SimpleComplex/tested_with_two_participants/[139 P1P2] drummer9-session1-30_rock_90_beat_4-4_best_2bar_segment_0
140,True,True,False,False,True,Simple Complex,rock,100.0,drummer9,session1,beat,4-4,1,midi_files/SimpleComplex/tested_with_two_participants/dualized,midi_files/SimpleComplex/tested_with_two_participants/[140 P1P2] drummer9-session1-4_rock_100_beat_4-4_best_2bar_segment_1
141,True,True,False,False,True,Simple Complex,rock,100.0,drummer9,session1,beat,4-4,0,midi_files/SimpleComplex/tested_with_two_participants/dualized,midi_files/SimpleComplex/tested_with_two_participants/[141 P1P2] drummer9-session1-9_rock_100_beat_4-4_best_2bar_segment_0
142,True,False,False,False,False,Simple Complex,jazz-swing,124.0,drummer10,session1,beat,4-4,60,midi_files/SimpleComplex/tested_with_Participant_1_Only/dualized,midi_files/SimpleComplex/tested_with_Participant_1_Only/[142 P1] drummer10-session1-1_jazz-swing_124_beat_4-4_best_2bar_segment_60
143,True,False,False,False,False,Simple Complex,jazz-swing,215.0,drummer10,session1,beat,4-4,30,midi_files/SimpleComplex/tested_with_Participant_1_Only/dualized,midi_files/SimpleComplex/tested_with_Participant_1_Only/[143 P1] drummer10-session1-2_jazz-swing_215_beat_4-4_best_2bar_segment_30
144,True,False,False,False,False,Simple Complex,jazz-swing,215.0,drummer10,session1,beat,4-4,12,midi_files/SimpleComplex/tested_with_Participant_1_Only/dualized,midi_files/SimpleComplex/tested_with_Participant_1_Only/[144 P1] drummer10-session1-3_jazz-swing_215_beat_4-4_best_2bar_segment_12
145,True,False,False,False,False,Simple Complex,jazz-swing,215.0,drummer10,session1,beat,4-4,5,midi_files/SimpleComplex/tested_with_Participant_1_Only/dualized,midi_files/SimpleComplex/tested_with_Participant_1_Only/[145 P1] drummer10-session1-4_jazz-swing_215_beat_4-4_best_2bar_segment_5
146,True,False,False,False,False,Simple Complex,jazz-swing,215.0,drummer10,session1,beat,4-4,22,midi_files/SimpleComplex/tested_with_Participant_1_Only/dualized,midi_files/SimpleComplex/tested_with_Participant_1_Only/[146 P1] drummer10-session1-5_jazz-swing_215_beat_4-4_best_2bar_segment_22
147,True,False,False,False,False,Simple Complex,jazz-swing,215.0,drummer10,session1,beat,4-4,7,midi_files/SimpleComplex/tested_with_Participant_1_Only/dualized,midi_files/SimpleComplex/tested_with_Participant_1_Only/[147 P1] drummer10-session1-6_jazz-swing_215_beat_4-4_best_2bar_segment_7
148,True,False,False,False,False,Simple Complex,funk-groove1,138.0,drummer1,eval,beat,4-4,5,midi_files/SimpleComplex/tested_with_Participant_1_Only/dualized,midi_files/SimpleComplex/tested_with_Participant_1_Only/[148 P1] drummer1-eval-session-1_funk-groove1_138_beat_4-4_best_2bar_segment_5
149,True,False,False,False,False,Simple Complex,funk-groove2,105.0,drummer1,eval,beat,4-4,5,midi_files/SimpleComplex/tested_with_Participant_1_Only/dualized,midi_files/SimpleComplex/tested_with_Participant_1_Only/[149 P1] drummer1-eval-session-2_funk-groove2_105_beat_4-4_best_2bar_segment_5
150,True,False,False,False,False,Simple Complex,funk-fast,125.0,drummer1,session1,beat,4-4,22,midi_files/SimpleComplex/tested_with_Participant_1_Only/dualized,midi_files/SimpleComplex/tested_with_Participant_1_Only/[150 P1] drummer1-session1-126_funk-fast_125_beat_4-4_best_2bar_segment_22
151,True,False,False,False,False,Simple Complex,latin-brazilian-baiao,95.0,drummer1,session1,beat,4-4,19,midi_files/SimpleComplex/tested_with_Participant_1_Only/dualized,midi_files/SimpleComplex/tested_with_Participant_1_Only/[151 P1] drummer1-session1-146_latin-brazilian-baiao_95_beat_4-4_best_2bar_segment_19
152,True,False,False,False,False,Simple Complex,funk,80.0,drummer1,session1,beat,4-4,6,midi_files/SimpleComplex/tested_with_Participant_1_Only/dualized,midi_files/SimpleComplex/tested_with_Participant_1_Only/[152 P1] drummer1-session1-1_funk_80_beat_4-4_best_2bar_segment_6
153,True,False,False,False,False,Simple Complex,funk-purdieshuffle,130.0,drummer1,session1,beat,4-4,63,midi_files/SimpleComplex/tested_with_Participant_1_Only/dualized,midi_files/SimpleComplex/tested_with_Participant_1_Only/[153 P1] drummer1-session1-239_funk-purdieshuffle_130_beat_4-4_best_2bar_segment_63
154,True,False,False,False,False,Simple Complex,latin-samba,116.0,drummer1,session1,beat,4-4,34,midi_files/SimpleComplex/tested_with_Participant_1_Only/dualized,midi_files/SimpleComplex/tested_with_Participant_1_Only/[154 P1] drummer1-session1-28_latin-samba_116_beat_4-4_best_2bar_segment_34
155,True,False,False,False,False,Simple Complex,funk,80.0,drummer1,session1,beat,4-4,6,midi_files/SimpleComplex/tested_with_Participant_1_Only/dualized,midi_files/SimpleComplex/tested_with_Participant_1_Only/[155 P1] drummer1-session1-2_funk_80_beat_4-4_best_2bar_segment_6
156,True,False,False,False,False,Simple Complex,jazz,93.0,drummer1,session1,beat,4-4,24,midi_files/SimpleComplex/tested_with_Participant_1_Only/dualized,midi_files/SimpleComplex/tested_with_Participant_1_Only/[156 P1] drummer1-session1-48_jazz_93_beat_4-4_best_2bar_segment_24
157,True,False,False,False,False,Simple Complex,jazz,125.0,drummer1,session1,beat,4-4,3,midi_files/SimpleComplex/tested_with_Participant_1_Only/dualized,midi_files/SimpleComplex/tested_with_Participant_1_Only/[157 P1] drummer1-session1-49_jazz_125_beat_4-4_best_2bar_segment_3
158,True,False,False,False,False,Simple Complex,jazz,125.0,drummer1,session1,beat,4-4,2,midi_files/SimpleComplex/tested_with_Participant_1_Only/dualized,midi_files/SimpleComplex/tested_with_Participant_1_Only/[158 P1] drummer1-session1-75_jazz_125_beat_4-4_best_2bar_segment_2
159,True,False,False,False,False,Simple Complex,jazz-fast,290.0,drummer1,session1,beat,4-4,50,midi_files/SimpleComplex/tested_with_Participant_1_Only/dualized,midi_files/SimpleComplex/tested_with_Participant_1_Only/[159 P1] drummer1-session1-78_jazz-fast_290_beat_4-4_best_2bar_segment_50
160,True,False,False,False,False,Simple Complex,dance-breakbeat,170.0,drummer1,session1,beat,4-4,4,midi_files/SimpleComplex/tested_with_Participant_1_Only/dualized,midi_files/SimpleComplex/tested_with_Participant_1_Only/[160 P1] drummer1-session1-80_dance-breakbeat_170_beat_4-4_best_2bar_segment_4
161,True,False,False,False,False,Simple Complex,country,114.0,drummer1,session2,beat,4-4,58,midi_files/SimpleComplex/tested_with_Participant_1_Only/dualized,midi_files/SimpleComplex/tested_with_Participant_1_Only/[161 P1] drummer1-session2-10_country_114_beat_4-4_best_2bar_segment_58
162,True,False,False,False,False,Simple Complex,rock-prog,190.0,drummer1,session2,beat,4-4,9,midi_files/SimpleComplex/tested_with_Participant_1_Only/dualized,midi_files/SimpleComplex/tested_with_Participant_1_Only/[162 P1] drummer1-session2-110_rock-prog_190_beat_4-4_best_2bar_segment_9
163,True,False,False,False,False,Simple Complex,afrocuban-bembe,122.0,drummer1,session2,beat,4-4,11,midi_files/SimpleComplex/tested_with_Participant_1_Only/dualized,midi_files/SimpleComplex/tested_with_Participant_1_Only/[163 P1] drummer1-session2-112_afrocuban-bembe_122_beat_4-4_best_2bar_segment_11
164,True,False,False,False,False,Simple Complex,gospel,120.0,drummer1,session2,beat,4-4,17,midi_files/SimpleComplex/tested_with_Participant_1_Only/dualized,midi_files/SimpleComplex/tested_with_Participant_1_Only/[164 P1] drummer1-session2-142_gospel_120_beat_4-4_best_2bar_segment_17
165,True,False,False,False,False,Simple Complex,afrocuban-rhumba,110.0,drummer1,session2,beat,4-4,35,midi_files/SimpleComplex/tested_with_Participant_1_Only/dualized,midi_files/SimpleComplex/tested_with_Participant_1_Only/[165 P1] drummer1-session2-161_afrocuban-rhumba_110_beat_4-4_best_2bar_segment_35
166,True,False,False,False,False,Simple Complex,rock,50.0,drummer1,session2,beat,4-4,8,midi_files/SimpleComplex/tested_with_Participant_1_Only/dualized,midi_files/SimpleComplex/tested_with_Participant_1_Only/[166 P1] drummer1-session2-180_rock_50_beat_4-4_best_2bar_segment_8
167,True,False,False,False,False,Simple Complex,rock,115.0,drummer1,session2,beat,4-4,18,midi_files/SimpleComplex/tested_with_Participant_1_Only/dualized,midi_files/SimpleComplex/tested_with_Participant_1_Only/[167 P1] drummer1-session2-181_rock_115_beat_4-4_best_2bar_segment_18
168,True,False,False,False,False,Simple Complex,latin-chacarera,118.0,drummer1,session2,beat,4-4,54,midi_files/SimpleComplex/tested_with_Participant_1_Only/dualized,midi_files/SimpleComplex/tested_with_Participant_1_Only/[168 P1] drummer1-session2-2_latin-chacarera_118_beat_4-4_best_2bar_segment_54
169,True,False,False,False,False,Simple Complex,punk,128.0,drummer1,session2,beat,4-4,30,midi_files/SimpleComplex/tested_with_Participant_1_Only/dualized,midi_files/SimpleComplex/tested_with_Participant_1_Only/[169 P1] drummer1-session2-35_punk_128_beat_4-4_best_2bar_segment_30
170,True,False,False,False,False,Simple Complex,punk,128.0,drummer1,session2,beat,4-4,0,midi_files/SimpleComplex/tested_with_Participant_1_Only/dualized,midi_files/SimpleComplex/tested_with_Participant_1_Only/[170 P1] drummer1-session2-36_punk_128_beat_4-4_best_2bar_segment_0
171,True,False,False,False,False,Simple Complex,punk,144.0,drummer1,session2,beat,4-4,8,midi_files/SimpleComplex/tested_with_Participant_1_Only/dualized,midi_files/SimpleComplex/tested_with_Participant_1_Only/[171 P1] drummer1-session2-62_punk_144_beat_4-4_best_2bar_segment_8
172,True,False,False,False,False,Simple Complex,jazz-march,88.0,drummer1,session2,beat,4-4,1,midi_files/SimpleComplex/tested_with_Participant_1_Only/dualized,midi_files/SimpleComplex/tested_with_Participant_1_Only/[172 P1] drummer1-session2-7_jazz-march_88_beat_4-4_best_2bar_segment_1
173,True,False,False,False,False,Simple Complex,jazz-march,176.0,drummer1,session2,beat,4-4,35,midi_files/SimpleComplex/tested_with_Participant_1_Only/dualized,midi_files/SimpleComplex/tested_with_Participant_1_Only/[173 P1] drummer1-session2-8_jazz-march_176_beat_4-4_best_2bar_segment_35
174,True,False,False,False,False,Simple Complex,funk-rock,92.0,drummer1,session2,beat,4-4,37,midi_files/SimpleComplex/tested_with_Participant_1_Only/dualized,midi_files/SimpleComplex/tested_with_Participant_1_Only/[174 P1] drummer1-session2-90_funk-rock_92_beat_4-4_best_2bar_segment_37
175,True,False,False,False,False,Simple Complex,rock-folk,90.0,drummer1,session3,beat,4-4,27,midi_files/SimpleComplex/tested_with_Participant_1_Only/dualized,midi_files/SimpleComplex/tested_with_Participant_1_Only/[175 P1] drummer1-session3-10_rock-folk_90_beat_4-4_best_2bar_segment_27
176,True,False,False,False,False,Simple Complex,afrobeat,94.0,drummer1,session3,beat,4-4,87,midi_files/SimpleComplex/tested_with_Participant_1_Only/dualized,midi_files/SimpleComplex/tested_with_Participant_1_Only/[176 P1] drummer1-session3-11_afrobeat_94_beat_4-4_best_2bar_segment_87
177,True,False,False,False,False,Simple Complex,latin-bomba,96.0,drummer1,session3,beat,4-4,29,midi_files/SimpleComplex/tested_with_Participant_1_Only/dualized,midi_files/SimpleComplex/tested_with_Participant_1_Only/[177 P1] drummer1-session3-12_latin-bomba_96_beat_4-4_best_2bar_segment_29
178,True,False,False,False,False,Simple Complex,rock,115.0,drummer1,session3,beat,4-4,56,midi_files/SimpleComplex/tested_with_Participant_1_Only/dualized,midi_files/SimpleComplex/tested_with_Participant_1_Only/[178 P1] drummer1-session3-13_rock_115_beat_4-4_best_2bar_segment_56
179,True,False,False,False,False,Simple Complex,afrocuban-calypso,108.0,drummer1,session3,beat,4-4,14,midi_files/SimpleComplex/tested_with_Participant_1_Only/dualized,midi_files/SimpleComplex/tested_with_Participant_1_Only/[179 P1] drummer1-session3-17_afrocuban-calypso_108_beat_4-4_best_2bar_segment_14
180,True,False,False,False,False,Simple Complex,rock,128.0,drummer1,session3,beat,4-4,5,midi_files/SimpleComplex/tested_with_Participant_1_Only/dualized,midi_files/SimpleComplex/tested_with_Participant_1_Only/[180 P1] drummer1-session3-18_rock_128_beat_4-4_best_2bar_segment_5
181,True,False,False,False,False,Simple Complex,rock-prog,125.0,drummer1,session3,beat,4-4,88,midi_files/SimpleComplex/tested_with_Participant_1_Only/dualized,midi_files/SimpleComplex/tested_with_Participant_1_Only/[181 P1] drummer1-session3-1_rock-prog_125_beat_4-4_best_2bar_segment_88
182,True,False,False,False,False,Simple Complex,jazz-linear,182.0,drummer1,session3,beat,4-4,124,midi_files/SimpleComplex/tested_with_Participant_1_Only/dualized,midi_files/SimpleComplex/tested_with_Participant_1_Only/[182 P1] drummer1-session3-4_jazz-linear_182_beat_4-4_best_2bar_segment_124
183,True,False,False,False,False,Simple Complex,rock,135.0,drummer1,session3,beat,4-4,11,midi_files/SimpleComplex/tested_with_Participant_1_Only/dualized,midi_files/SimpleComplex/tested_with_Participant_1_Only/[183 P1] drummer1-session3-8_rock_135_beat_4-4_best_2bar_segment_11
184,True,False,False,False,False,Simple Complex,rock,130.0,drummer2,session2,beat,4-4,9,midi_files/SimpleComplex/tested_with_Participant_1_Only/dualized,midi_files/SimpleComplex/tested_with_Participant_1_Only/[184 P1] drummer2-session2-1_rock_130_beat_4-4_best_2bar_segment_9
185,True,False,False,False,False,Simple Complex,rock,130.0,drummer2,session2,beat,4-4,4,midi_files/SimpleComplex/tested_with_Participant_1_Only/dualized,midi_files/SimpleComplex/tested_with_Participant_1_Only/[185 P1] drummer2-session2-2_rock_130_beat_4-4_best_2bar_segment_4
186,True,False,False,False,False,Simple Complex,rock,130.0,drummer2,session2,beat,4-4,3,midi_files/SimpleComplex/tested_with_Participant_1_Only/dualized,midi_files/SimpleComplex/tested_with_Participant_1_Only/[186 P1] drummer2-session2-4_rock_130_beat_4-4_best_2bar_segment_3
187,True,False,False,False,False,Simple Complex,rock,130.0,drummer2,session2,beat,4-4,1,midi_files/SimpleComplex/tested_with_Participant_1_Only/dualized,midi_files/SimpleComplex/tested_with_Participant_1_Only/[187 P1] drummer2-session2-6_rock_130_beat_4-4_best_2bar_segment_1
188,True,False,False,False,False,Simple Complex,rock,130.0,drummer2,session2,beat,4-4,15,midi_files/SimpleComplex/tested_with_Participant_1_Only/dualized,midi_files/SimpleComplex/tested_with_Participant_1_Only/[188 P1] drummer2-session2-7_rock_130_beat_4-4_best_2bar_segment_15
189,True,False,False,False,False,Simple Complex,rock-shuffle,85.0,drummer2,session3,beat,4-4,48,midi_files/SimpleComplex/tested_with_Participant_1_Only/dualized,midi_files/SimpleComplex/tested_with_Participant_1_Only/[189 P1] drummer2-session3-1_rock-shuffle_85_beat_4-4_best_2bar_segment_48
190,True,False,False,False,False,Simple Complex,rock,120.0,drummer3,session1,beat,4-4,1,midi_files/SimpleComplex/tested_with_Participant_1_Only/dualized,midi_files/SimpleComplex/tested_with_Participant_1_Only/[190 P1] drummer3-session1-11_rock_120_beat_4-4_best_2bar_segment_1
191,True,False,False,False,False,Simple Complex,rock,120.0,drummer3,session1,beat,4-4,1,midi_files/SimpleComplex/tested_with_Participant_1_Only/dualized,midi_files/SimpleComplex/tested_with_Participant_1_Only/[191 P1] drummer3-session1-12_rock_120_beat_4-4_best_2bar_segment_1
192,True,False,False,False,False,Simple Complex,rock,120.0,drummer3,session1,beat,4-4,1,midi_files/SimpleComplex/tested_with_Participant_1_Only/dualized,midi_files/SimpleComplex/tested_with_Participant_1_Only/[192 P1] drummer3-session1-18_rock_120_beat_4-4_best_2bar_segment_1
193,True,False,False,False,False,Simple Complex,jazz,120.0,drummer3,session1,beat,4-4,1,midi_files/SimpleComplex/tested_with_Participant_1_Only/dualized,midi_files/SimpleComplex/tested_with_Participant_1_Only/[193 P1] drummer3-session1-19_jazz_120_beat_4-4_best_2bar_segment_1
194,True,False,False,False,False,Simple Complex,rock,105.0,drummer3,session1,beat,4-4,1,midi_files/SimpleComplex/tested_with_Participant_1_Only/dualized,midi_files/SimpleComplex/tested_with_Participant_1_Only/[194 P1] drummer3-session1-1_rock_105_beat_4-4_best_2bar_segment_1
195,True,False,False,False,False,Simple Complex,jazz,120.0,drummer3,session1,beat,4-4,1,midi_files/SimpleComplex/tested_with_Participant_1_Only/dualized,midi_files/SimpleComplex/tested_with_Participant_1_Only/[195 P1] drummer3-session1-32_jazz_120_beat_4-4_best_2bar_segment_1
196,True,False,False,False,False,Simple Complex,jazz,120.0,drummer3,session1,beat,4-4,1,midi_files/SimpleComplex/tested_with_Participant_1_Only/dualized,midi_files/SimpleComplex/tested_with_Participant_1_Only/[196 P1] drummer3-session1-33_jazz_120_beat_4-4_best_2bar_segment_1
197,True,False,False,False,False,Simple Complex,rock,120.0,drummer3,session1,beat,4-4,11,midi_files/SimpleComplex/tested_with_Participant_1_Only/dualized,midi_files/SimpleComplex/tested_with_Participant_1_Only/[197 P1] drummer3-session1-35_rock_120_beat_4-4_best_2bar_segment_11
198,True,False,False,False,False,Simple Complex,rock,105.0,drummer3,session1,beat,4-4,4,midi_files/SimpleComplex/tested_with_Participant_1_Only/dualized,midi_files/SimpleComplex/tested_with_Participant_1_Only/[198 P1] drummer3-session1-4_rock_105_beat_4-4_best_2bar_segment_4
199,True,False,False,False,False,Simple Complex,rock,105.0,drummer3,session1,beat,4-4,0,midi_files/SimpleComplex/tested_with_Participant_1_Only/dualized,midi_files/SimpleComplex/tested_with_Participant_1_Only/[199 P1] drummer3-session1-6_rock_105_beat_4-4_best_2bar_segment_0
200,True,False,False,False,False,Simple Complex,rock,105.0,drummer3,session1,beat,4-4,0,midi_files/SimpleComplex/tested_with_Participant_1_Only/dualized,midi_files/SimpleComplex/tested_with_Participant_1_Only/[200 P1] drummer3-session1-7_rock_105_beat_4-4_best_2bar_segment_0
201,True,False,False,False,False,Simple Complex,rock,105.0,drummer3,session1,beat,4-4,2,midi_files/SimpleComplex/tested_with_Participant_1_Only/dualized,midi_files/SimpleComplex/tested_with_Participant_1_Only/[201 P1] drummer3-session1-9_rock_105_beat_4-4_best_2bar_segment_2
202,True,False,False,False,False,Simple Complex,rock,100.0,drummer3,session2,beat,4-4,3,midi_files/SimpleComplex/tested_with_Participant_1_Only/dualized,midi_files/SimpleComplex/tested_with_Participant_1_Only/[202 P1] drummer3-session2-16_rock_100_beat_4-4_best_2bar_segment_3
203,True,False,False,False,False,Simple Complex,rock,100.0,drummer3,session2,beat,4-4,1,midi_files/SimpleComplex/tested_with_Participant_1_Only/dualized,midi_files/SimpleComplex/tested_with_Participant_1_Only/[203 P1] drummer3-session2-1_rock_100_beat_4-4_best_2bar_segment_1
204,True,False,False,False,False,Simple Complex,rock,92.0,drummer3,session2,beat,4-4,8,midi_files/SimpleComplex/tested_with_Participant_1_Only/dualized,midi_files/SimpleComplex/tested_with_Participant_1_Only/[204 P1] drummer3-session2-20_rock_92_beat_4-4_best_2bar_segment_8
205,True,False,False,False,False,Simple Complex,rock,92.0,drummer3,session2,beat,4-4,2,midi_files/SimpleComplex/tested_with_Participant_1_Only/dualized,midi_files/SimpleComplex/tested_with_Participant_1_Only/[205 P1] drummer3-session2-22_rock_92_beat_4-4_best_2bar_segment_2
206,True,False,False,False,False,Simple Complex,rock,92.0,drummer3,session2,beat,4-4,1,midi_files/SimpleComplex/tested_with_Participant_1_Only/dualized,midi_files/SimpleComplex/tested_with_Participant_1_Only/[206 P1] drummer3-session2-24_rock_92_beat_4-4_best_2bar_segment_1
207,True,False,False,False,False,Simple Complex,hiphop,92.0,drummer3,session2,beat,4-4,7,midi_files/SimpleComplex/tested_with_Participant_1_Only/dualized,midi_files/SimpleComplex/tested_with_Participant_1_Only/[207 P1] drummer3-session2-25_hiphop_92_beat_4-4_best_2bar_segment_7
208,True,False,False,False,False,Simple Complex,hiphop,92.0,drummer3,session2,beat,4-4,5,midi_files/SimpleComplex/tested_with_Participant_1_Only/dualized,midi_files/SimpleComplex/tested_with_Participant_1_Only/[208 P1] drummer3-session2-26_hiphop_92_beat_4-4_best_2bar_segment_5
209,True,False,False,False,False,Simple Complex,rock,92.0,drummer3,session2,beat,4-4,0,midi_files/SimpleComplex/tested_with_Participant_1_Only/dualized,midi_files/SimpleComplex/tested_with_Participant_1_Only/[209 P1] drummer3-session2-28_rock_92_beat_4-4_best_2bar_segment_0
210,True,False,False,False,False,Simple Complex,rock,92.0,drummer3,session2,beat,4-4,0,midi_files/SimpleComplex/tested_with_Participant_1_Only/dualized,midi_files/SimpleComplex/tested_with_Participant_1_Only/[210 P1] drummer3-session2-29_rock_92_beat_4-4_best_2bar_segment_0
211,True,False,False,False,False,Simple Complex,rock,100.0,drummer3,session2,beat,4-4,4,midi_files/SimpleComplex/tested_with_Participant_1_Only/dualized,midi_files/SimpleComplex/tested_with_Participant_1_Only/[211 P1] drummer3-session2-2_rock_100_beat_4-4_best_2bar_segment_4
212,True,False,False,False,False,Simple Complex,rock,92.0,drummer3,session2,beat,4-4,0,midi_files/SimpleComplex/tested_with_Participant_1_Only/dualized,midi_files/SimpleComplex/tested_with_Participant_1_Only/[212 P1] drummer3-session2-30_rock_92_beat_4-4_best_2bar_segment_0
213,True,False,False,False,False,Simple Complex,hiphop,92.0,drummer3,session2,beat,4-4,0,midi_files/SimpleComplex/tested_with_Participant_1_Only/dualized,midi_files/SimpleComplex/tested_with_Participant_1_Only/[213 P1] drummer3-session2-31_hiphop_92_beat_4-4_best_2bar_segment_0
214,True,False,False,False,False,Simple Complex,hiphop,92.0,drummer3,session2,beat,4-4,1,midi_files/SimpleComplex/tested_with_Participant_1_Only/dualized,midi_files/SimpleComplex/tested_with_Participant_1_Only/[214 P1] drummer3-session2-32_hiphop_92_beat_4-4_best_2bar_segment_1
215,True,False,False,False,False,Simple Complex,rock,100.0,drummer3,session2,beat,4-4,1,midi_files/SimpleComplex/tested_with_Participant_1_Only/dualized,midi_files/SimpleComplex/tested_with_Participant_1_Only/[215 P1] drummer3-session2-3_rock_100_beat_4-4_best_2bar_segment_1
216,True,False,False,False,False,Simple Complex,rock,100.0,drummer3,session2,beat,4-4,4,midi_files/SimpleComplex/tested_with_Participant_1_Only/dualized,midi_files/SimpleComplex/tested_with_Participant_1_Only/[216 P1] drummer3-session2-5_rock_100_beat_4-4_best_2bar_segment_4
217,True,False,False,False,False,Simple Complex,rock,87.0,drummer4,session1,beat,4-4,7,midi_files/SimpleComplex/tested_with_Participant_1_Only/dualized,midi_files/SimpleComplex/tested_with_Participant_1_Only/[217 P1] drummer4-session1-1_rock_87_beat_4-4_best_2bar_segment_7
218,True,False,False,False,False,Simple Complex,blues-shuffle,134.0,drummer4,session1,beat,4-4,2,midi_files/SimpleComplex/tested_with_Participant_1_Only/dualized,midi_files/SimpleComplex/tested_with_Participant_1_Only/[218 P1] drummer4-session1-6_blues-shuffle_134_beat_4-4_best_2bar_segment_2
219,True,False,False,False,False,Simple Complex,blues-shuffle,112.0,drummer4,session1,beat,4-4,0,midi_files/SimpleComplex/tested_with_Participant_1_Only/dualized,midi_files/SimpleComplex/tested_with_Participant_1_Only/[219 P1] drummer4-session1-8_blues-shuffle_112_beat_4-4_best_2bar_segment_0
220,True,False,False,False,False,Simple Complex,latin-merengue,158.0,drummer4,session1,beat,4-4,7,midi_files/SimpleComplex/tested_with_Participant_1_Only/dualized,midi_files/SimpleComplex/tested_with_Participant_1_Only/[220 P1] drummer4-session1-9_latin-merengue_158_beat_4-4_best_2bar_segment_7
221,True,False,False,False,False,Simple Complex,soul-groove10,102.0,drummer5,eval,beat,4-4,2,midi_files/SimpleComplex/tested_with_Participant_1_Only/dualized,midi_files/SimpleComplex/tested_with_Participant_1_Only/[221 P1] drummer5-eval-session-10_soul-groove10_102_beat_4-4_best_2bar_segment_2
222,True,False,False,False,False,Simple Complex,funk-groove2,105.0,drummer5,eval,beat,4-4,1,midi_files/SimpleComplex/tested_with_Participant_1_Only/dualized,midi_files/SimpleComplex/tested_with_Participant_1_Only/[222 P1] drummer5-eval-session-2_funk-groove2_105_beat_4-4_best_2bar_segment_1
223,True,False,False,False,False,Simple Complex,soul-groove9,105.0,drummer5,eval,beat,4-4,5,midi_files/SimpleComplex/tested_with_Participant_1_Only/dualized,midi_files/SimpleComplex/tested_with_Participant_1_Only/[223 P1] drummer5-eval-session-9_soul-groove9_105_beat_4-4_best_2bar_segment_5
224,True,False,False,False,False,Simple Complex,latin-brazilian-sambareggae,96.0,drummer5,session1,beat,4-4,15,midi_files/SimpleComplex/tested_with_Participant_1_Only/dualized,midi_files/SimpleComplex/tested_with_Participant_1_Only/[224 P1] drummer5-session1-10_latin-brazilian-sambareggae_96_beat_4-4_best_2bar_segment_15
225,True,False,False,False,False,Simple Complex,afrocuban-calypso,124.0,drummer5,session1,beat,4-4,5,midi_files/SimpleComplex/tested_with_Participant_1_Only/dualized,midi_files/SimpleComplex/tested_with_Participant_1_Only/[225 P1] drummer5-session1-13_afrocuban-calypso_124_beat_4-4_best_2bar_segment_5
226,True,False,False,False,False,Simple Complex,funk,100.0,drummer5,session1,beat,4-4,102,midi_files/SimpleComplex/tested_with_Participant_1_Only/dualized,midi_files/SimpleComplex/tested_with_Participant_1_Only/[226 P1] drummer5-session1-15_funk_100_beat_4-4_best_2bar_segment_102
227,True,False,False,False,False,Simple Complex,rock,136.0,drummer5,session1,beat,4-4,29,midi_files/SimpleComplex/tested_with_Participant_1_Only/dualized,midi_files/SimpleComplex/tested_with_Participant_1_Only/[227 P1] drummer5-session1-16_rock_136_beat_4-4_best_2bar_segment_29
228,True,False,False,False,False,Simple Complex,blues-shuffle,72.0,drummer5,session1,beat,4-4,33,midi_files/SimpleComplex/tested_with_Participant_1_Only/dualized,midi_files/SimpleComplex/tested_with_Participant_1_Only/[228 P1] drummer5-session1-17_blues-shuffle_72_beat_4-4_best_2bar_segment_33
229,True,False,False,False,False,Simple Complex,middleeastern,126.0,drummer5,session1,beat,4-4,46,midi_files/SimpleComplex/tested_with_Participant_1_Only/dualized,midi_files/SimpleComplex/tested_with_Participant_1_Only/[229 P1] drummer5-session1-19_middleeastern_126_beat_4-4_best_2bar_segment_46
230,True,False,False,False,False,Simple Complex,latin-brazilian-baiao,110.0,drummer5,session1,beat,4-4,28,midi_files/SimpleComplex/tested_with_Participant_1_Only/dualized,midi_files/SimpleComplex/tested_with_Participant_1_Only/[230 P1] drummer5-session1-20_latin-brazilian-baiao_110_beat_4-4_best_2bar_segment_28
231,True,False,False,False,False,Simple Complex,latin-brazilian-samba,89.0,drummer5,session1,beat,4-4,21,midi_files/SimpleComplex/tested_with_Participant_1_Only/dualized,midi_files/SimpleComplex/tested_with_Participant_1_Only/[231 P1] drummer5-session1-4_latin-brazilian-samba_89_beat_4-4_best_2bar_segment_21
232,True,False,False,False,False,Simple Complex,latin-brazilian-maracatu,96.0,drummer5,session1,beat,4-4,39,midi_files/SimpleComplex/tested_with_Participant_1_Only/dualized,midi_files/SimpleComplex/tested_with_Participant_1_Only/[232 P1] drummer5-session1-6_latin-brazilian-maracatu_96_beat_4-4_best_2bar_segment_39
233,True,False,False,False,False,Simple Complex,latin-brazilian-maracatu,96.0,drummer5,session1,beat,4-4,68,midi_files/SimpleComplex/tested_with_Participant_1_Only/dualized,midi_files/SimpleComplex/tested_with_Participant_1_Only/[233 P1] drummer5-session1-7_latin-brazilian-maracatu_96_beat_4-4_best_2bar_segment_68
234,True,False,False,False,False,Simple Complex,neworleans-funk,102.0,drummer5,session2,beat,4-4,4,midi_files/SimpleComplex/tested_with_Participant_1_Only/dualized,midi_files/SimpleComplex/tested_with_Participant_1_Only/[234 P1] drummer5-session2-10_neworleans-funk_102_beat_4-4_best_2bar_segment_4
235,True,False,False,False,False,Simple Complex,soul,96.0,drummer5,session2,beat,4-4,22,midi_files/SimpleComplex/tested_with_Participant_1_Only/dualized,midi_files/SimpleComplex/tested_with_Participant_1_Only/[235 P1] drummer5-session2-11_soul_96_beat_4-4_best_2bar_segment_22
236,True,False,False,False,False,Simple Complex,rock,105.0,drummer5,session2,beat,4-4,4,midi_files/SimpleComplex/tested_with_Participant_1_Only/dualized,midi_files/SimpleComplex/tested_with_Participant_1_Only/[236 P1] drummer5-session2-12_rock_105_beat_4-4_best_2bar_segment_4
237,True,False,False,False,False,Simple Complex,rock,140.0,drummer5,session2,beat,4-4,9,midi_files/SimpleComplex/tested_with_Participant_1_Only/dualized,midi_files/SimpleComplex/tested_with_Participant_1_Only/[237 P1] drummer5-session2-13_rock_140_beat_4-4_best_2bar_segment_9
238,True,False,False,False,False,Simple Complex,rock,140.0,drummer5,session2,beat,4-4,8,midi_files/SimpleComplex/tested_with_Participant_1_Only/dualized,midi_files/SimpleComplex/tested_with_Participant_1_Only/[238 P1] drummer5-session2-14_rock_140_beat_4-4_best_2bar_segment_8
239,True,False,False,False,False,Simple Complex,latin-venezuelan-joropo,80.0,drummer5,session2,beat,4-4,2,midi_files/SimpleComplex/tested_with_Participant_1_Only/dualized,midi_files/SimpleComplex/tested_with_Participant_1_Only/[239 P1] drummer5-session2-15_latin-venezuelan-joropo_80_beat_4-4_best_2bar_segment_2
240,True,False,False,False,False,Simple Complex,latin-brazilian-samba,93.0,drummer5,session2,beat,4-4,3,midi_files/SimpleComplex/tested_with_Participant_1_Only/dualized,midi_files/SimpleComplex/tested_with_Participant_1_Only/[240 P1] drummer5-session2-18_latin-brazilian-samba_93_beat_4-4_best_2bar_segment_3
241,True,False,False,False,False,Simple Complex,latin-venezuelan-sangueo,101.0,drummer5,session2,beat,4-4,10,midi_files/SimpleComplex/tested_with_Participant_1_Only/dualized,midi_files/SimpleComplex/tested_with_Participant_1_Only/[241 P1] drummer5-session2-1_latin-venezuelan-sangueo_101_beat_4-4_best_2bar_segment_10
242,True,False,False,False,False,Simple Complex,latin-brazilian-ijexa,108.0,drummer5,session2,beat,4-4,2,midi_files/SimpleComplex/tested_with_Participant_1_Only/dualized,midi_files/SimpleComplex/tested_with_Participant_1_Only/[242 P1] drummer5-session2-20_latin-brazilian-ijexa_108_beat_4-4_best_2bar_segment_2
243,True,False,False,False,False,Simple Complex,latin-brazilian-ijexa,108.0,drummer5,session2,beat,4-4,2,midi_files/SimpleComplex/tested_with_Participant_1_Only/dualized,midi_files/SimpleComplex/tested_with_Participant_1_Only/[243 P1] drummer5-session2-21_latin-brazilian-ijexa_108_beat_4-4_best_2bar_segment_2
244,True,False,False,False,False,Simple Complex,latin-brazilian-frevo,133.0,drummer5,session2,beat,4-4,49,midi_files/SimpleComplex/tested_with_Participant_1_Only/dualized,midi_files/SimpleComplex/tested_with_Participant_1_Only/[244 P1] drummer5-session2-22_latin-brazilian-frevo_133_beat_4-4_best_2bar_segment_49
245,True,False,False,False,False,Simple Complex,latin-brazilian-songo,120.0,drummer5,session2,beat,4-4,50,midi_files/SimpleComplex/tested_with_Participant_1_Only/dualized,midi_files/SimpleComplex/tested_with_Participant_1_Only/[245 P1] drummer5-session2-24_latin-brazilian-songo_120_beat_4-4_best_2bar_segment_50
246,True,False,False,False,False,Simple Complex,latin-brazilian,101.0,drummer5,session2,beat,4-4,10,midi_files/SimpleComplex/tested_with_Participant_1_Only/dualized,midi_files/SimpleComplex/tested_with_Participant_1_Only/[246 P1] drummer5-session2-2_latin-brazilian_101_beat_4-4_best_2bar_segment_10
247,True,False,False,False,False,Simple Complex,neworleans-secondline,99.0,drummer5,session2,beat,4-4,36,midi_files/SimpleComplex/tested_with_Participant_1_Only/dualized,midi_files/SimpleComplex/tested_with_Participant_1_Only/[247 P1] drummer5-session2-6_neworleans-secondline_99_beat_4-4_best_2bar_segment_36
248,True,False,False,False,False,Simple Complex,rock,90.0,drummer6,session3,beat,4-4,14,midi_files/SimpleComplex/tested_with_Participant_1_Only/dualized,midi_files/SimpleComplex/tested_with_Participant_1_Only/[248 P1] drummer6-session3-1_rock_90_beat_4-4_best_2bar_segment_14
249,True,False,False,False,False,Simple Complex,rock,100.0,drummer6,session3,beat,4-4,19,midi_files/SimpleComplex/tested_with_Participant_1_Only/dualized,midi_files/SimpleComplex/tested_with_Participant_1_Only/[249 P1] drummer6-session3-2_rock_100_beat_4-4_best_2bar_segment_19
250,True,False,False,False,False,Simple Complex,rock,127.0,drummer6,session3,beat,4-4,14,midi_files/SimpleComplex/tested_with_Participant_1_Only/dualized,midi_files/SimpleComplex/tested_with_Participant_1_Only/[250 P1] drummer6-session3-4_rock_127_beat_4-4_best_2bar_segment_14
251,True,False,False,False,False,Simple Complex,rock,88.0,drummer6,session3,beat,4-4,22,midi_files/SimpleComplex/tested_with_Participant_1_Only/dualized,midi_files/SimpleComplex/tested_with_Participant_1_Only/[251 P1] drummer6-session3-7_rock_88_beat_4-4_best_2bar_segment_22
252,True,False,False,False,False,Simple Complex,soul-groove4,80.0,drummer7,eval,beat,4-4,3,midi_files/SimpleComplex/tested_with_Participant_1_Only/dualized,midi_files/SimpleComplex/tested_with_Participant_1_Only/[252 P1] drummer7-eval-session-4_soul-groove4_80_beat_4-4_best_2bar_segment_3
253,True,False,False,False,False,Simple Complex,hiphop-groove6,87.0,drummer7,eval,beat,4-4,0,midi_files/SimpleComplex/tested_with_Participant_1_Only/dualized,midi_files/SimpleComplex/tested_with_Participant_1_Only/[253 P1] drummer7-eval-session-6_hiphop-groove6_87_beat_4-4_best_2bar_segment_0
254,True,False,False,False,False,Simple Complex,rock-groove8,65.0,drummer7,eval,beat,4-4,0,midi_files/SimpleComplex/tested_with_Participant_1_Only/dualized,midi_files/SimpleComplex/tested_with_Participant_1_Only/[254 P1] drummer7-eval-session-8_rock-groove8_65_beat_4-4_best_2bar_segment_0
255,True,False,False,False,False,Simple Complex,soul-groove9,105.0,drummer7,eval,beat,4-4,3,midi_files/SimpleComplex/tested_with_Participant_1_Only/dualized,midi_files/SimpleComplex/tested_with_Participant_1_Only/[255 P1] drummer7-eval-session-9_soul-groove9_105_beat_4-4_best_2bar_segment_3
256,True,False,False,False,False,Simple Complex,rock,93.0,drummer7,session1,beat,4-4,3,midi_files/SimpleComplex/tested_with_Participant_1_Only/dualized,midi_files/SimpleComplex/tested_with_Participant_1_Only/[256 P1] drummer7-session1-10_rock_93_beat_4-4_best_2bar_segment_3
257,True,False,False,False,False,Simple Complex,funk,102.0,drummer7,session1,beat,4-4,6,midi_files/SimpleComplex/tested_with_Participant_1_Only/dualized,midi_files/SimpleComplex/tested_with_Participant_1_Only/[257 P1] drummer7-session1-13_funk_102_beat_4-4_best_2bar_segment_6
258,True,False,False,False,False,Simple Complex,hiphop,100.0,drummer7,session1,beat,4-4,0,midi_files/SimpleComplex/tested_with_Participant_1_Only/dualized,midi_files/SimpleComplex/tested_with_Participant_1_Only/[258 P1] drummer7-session1-40_hiphop_100_beat_4-4_best_2bar_segment_0
259,True,False,False,False,False,Simple Complex,pop,142.0,drummer7,session2,beat,4-4,8,midi_files/SimpleComplex/tested_with_Participant_1_Only/dualized,midi_files/SimpleComplex/tested_with_Participant_1_Only/[259 P1] drummer7-session2-100_pop_142_beat_4-4_best_2bar_segment_8
260,True,False,False,False,False,Simple Complex,pop,142.0,drummer7,session2,beat,4-4,13,midi_files/SimpleComplex/tested_with_Participant_1_Only/dualized,midi_files/SimpleComplex/tested_with_Participant_1_Only/[260 P1] drummer7-session2-101_pop_142_beat_4-4_best_2bar_segment_13
261,True,False,False,False,False,Simple Complex,pop,132.0,drummer7,session2,beat,4-4,0,midi_files/SimpleComplex/tested_with_Participant_1_Only/dualized,midi_files/SimpleComplex/tested_with_Participant_1_Only/[261 P1] drummer7-session2-103_pop_132_beat_4-4_best_2bar_segment_0
262,True,False,False,False,False,Simple Complex,jazz-fusion,96.0,drummer7,session2,beat,4-4,3,midi_files/SimpleComplex/tested_with_Participant_1_Only/dualized,midi_files/SimpleComplex/tested_with_Participant_1_Only/[262 P1] drummer7-session2-112_jazz-fusion_96_beat_4-4_best_2bar_segment_3
263,True,False,False,False,False,Simple Complex,jazz-fusion,96.0,drummer7,session2,beat,4-4,8,midi_files/SimpleComplex/tested_with_Participant_1_Only/dualized,midi_files/SimpleComplex/tested_with_Participant_1_Only/[263 P1] drummer7-session2-113_jazz-fusion_96_beat_4-4_best_2bar_segment_8
264,True,False,False,False,False,Simple Complex,hiphop,140.0,drummer7,session2,beat,4-4,5,midi_files/SimpleComplex/tested_with_Participant_1_Only/dualized,midi_files/SimpleComplex/tested_with_Participant_1_Only/[264 P1] drummer7-session2-123_hiphop_140_beat_4-4_best_2bar_segment_5
265,True,False,False,False,False,Simple Complex,rock,95.0,drummer7,session2,beat,4-4,3,midi_files/SimpleComplex/tested_with_Participant_1_Only/dualized,midi_files/SimpleComplex/tested_with_Participant_1_Only/[265 P1] drummer7-session2-14_rock_95_beat_4-4_best_2bar_segment_3
266,True,False,False,False,False,Simple Complex,rock,118.0,drummer7,session2,beat,4-4,1,midi_files/SimpleComplex/tested_with_Participant_1_Only/dualized,midi_files/SimpleComplex/tested_with_Participant_1_Only/[266 P1] drummer7-session2-26_rock_118_beat_4-4_best_2bar_segment_1
267,True,False,False,False,False,Simple Complex,rock,75.0,drummer7,session2,beat,4-4,7,midi_files/SimpleComplex/tested_with_Participant_1_Only/dualized,midi_files/SimpleComplex/tested_with_Participant_1_Only/[267 P1] drummer7-session2-27_rock_75_beat_4-4_best_2bar_segment_7
268,True,False,False,False,False,Simple Complex,rock,75.0,drummer7,session2,beat,4-4,3,midi_files/SimpleComplex/tested_with_Participant_1_Only/dualized,midi_files/SimpleComplex/tested_with_Participant_1_Only/[268 P1] drummer7-session2-33_rock_75_beat_4-4_best_2bar_segment_3
269,True,False,False,False,False,Simple Complex,rock,112.0,drummer7,session2,beat,4-4,0,midi_files/SimpleComplex/tested_with_Participant_1_Only/dualized,midi_files/SimpleComplex/tested_with_Participant_1_Only/[269 P1] drummer7-session2-37_rock_112_beat_4-4_best_2bar_segment_0
270,True,False,False,False,False,Simple Complex,rock,135.0,drummer7,session2,beat,4-4,0,midi_files/SimpleComplex/tested_with_Participant_1_Only/dualized,midi_files/SimpleComplex/tested_with_Participant_1_Only/[270 P1] drummer7-session2-53_rock_135_beat_4-4_best_2bar_segment_0
271,True,False,False,False,False,Simple Complex,rock,145.0,drummer7,session2,beat,4-4,0,midi_files/SimpleComplex/tested_with_Participant_1_Only/dualized,midi_files/SimpleComplex/tested_with_Participant_1_Only/[271 P1] drummer7-session2-64_rock_145_beat_4-4_best_2bar_segment_0
272,True,False,False,False,False,Simple Complex,rock,120.0,drummer7,session2,beat,4-4,0,midi_files/SimpleComplex/tested_with_Participant_1_Only/dualized,midi_files/SimpleComplex/tested_with_Participant_1_Only/[272 P1] drummer7-session2-6_rock_120_beat_4-4_best_2bar_segment_0
273,True,False,False,False,False,Simple Complex,funk,100.0,drummer7,session2,beat,4-4,25,midi_files/SimpleComplex/tested_with_Participant_1_Only/dualized,midi_files/SimpleComplex/tested_with_Participant_1_Only/[273 P1] drummer7-session2-72_funk_100_beat_4-4_best_2bar_segment_25
274,True,False,False,False,False,Simple Complex,funk,100.0,drummer7,session2,beat,4-4,3,midi_files/SimpleComplex/tested_with_Participant_1_Only/dualized,midi_files/SimpleComplex/tested_with_Participant_1_Only/[274 P1] drummer7-session2-79_funk_100_beat_4-4_best_2bar_segment_3
275,True,False,False,False,False,Simple Complex,country,78.0,drummer7,session2,beat,4-4,15,midi_files/SimpleComplex/tested_with_Participant_1_Only/dualized,midi_files/SimpleComplex/tested_with_Participant_1_Only/[275 P1] drummer7-session2-80_country_78_beat_4-4_best_2bar_segment_15
276,True,False,False,False,False,Simple Complex,rock,95.0,drummer7,session2,beat,4-4,19,midi_files/SimpleComplex/tested_with_Participant_1_Only/dualized,midi_files/SimpleComplex/tested_with_Participant_1_Only/[276 P1] drummer7-session2-8_rock_95_beat_4-4_best_2bar_segment_19
277,True,False,False,False,False,Simple Complex,pop,142.0,drummer7,session2,beat,4-4,3,midi_files/SimpleComplex/tested_with_Participant_1_Only/dualized,midi_files/SimpleComplex/tested_with_Participant_1_Only/[277 P1] drummer7-session2-97_pop_142_beat_4-4_best_2bar_segment_3
278,True,False,False,False,False,Simple Complex,rock,95.0,drummer7,session3,beat,4-4,32,midi_files/SimpleComplex/tested_with_Participant_1_Only/dualized,midi_files/SimpleComplex/tested_with_Participant_1_Only/[278 P1] drummer7-session3-108_rock_95_beat_4-4_best_2bar_segment_32
279,True,False,False,False,False,Simple Complex,rock,95.0,drummer7,session3,beat,4-4,2,midi_files/SimpleComplex/tested_with_Participant_1_Only/dualized,midi_files/SimpleComplex/tested_with_Participant_1_Only/[279 P1] drummer7-session3-109_rock_95_beat_4-4_best_2bar_segment_2
280,True,False,False,False,False,Simple Complex,rock,60.0,drummer7,session3,beat,4-4,5,midi_files/SimpleComplex/tested_with_Participant_1_Only/dualized,midi_files/SimpleComplex/tested_with_Participant_1_Only/[280 P1] drummer7-session3-10_rock_60_beat_4-4_best_2bar_segment_5
281,True,False,False,False,False,Simple Complex,rock,95.0,drummer7,session3,beat,4-4,5,midi_files/SimpleComplex/tested_with_Participant_1_Only/dualized,midi_files/SimpleComplex/tested_with_Participant_1_Only/[281 P1] drummer7-session3-117_rock_95_beat_4-4_best_2bar_segment_5
282,True,False,False,False,False,Simple Complex,rock,95.0,drummer7,session3,beat,4-4,0,midi_files/SimpleComplex/tested_with_Participant_1_Only/dualized,midi_files/SimpleComplex/tested_with_Participant_1_Only/[282 P1] drummer7-session3-119_rock_95_beat_4-4_best_2bar_segment_0
283,True,False,False,False,False,Simple Complex,rock,93.0,drummer7,session3,beat,4-4,4,midi_files/SimpleComplex/tested_with_Participant_1_Only/dualized,midi_files/SimpleComplex/tested_with_Participant_1_Only/[283 P1] drummer7-session3-120_rock_93_beat_4-4_best_2bar_segment_4
284,True,False,False,False,False,Simple Complex,rock,93.0,drummer7,session3,beat,4-4,8,midi_files/SimpleComplex/tested_with_Participant_1_Only/dualized,midi_files/SimpleComplex/tested_with_Participant_1_Only/[284 P1] drummer7-session3-129_rock_93_beat_4-4_best_2bar_segment_8
285,True,False,False,False,False,Simple Complex,soul,105.0,drummer7,session3,beat,4-4,3,midi_files/SimpleComplex/tested_with_Participant_1_Only/dualized,midi_files/SimpleComplex/tested_with_Participant_1_Only/[285 P1] drummer7-session3-130_soul_105_beat_4-4_best_2bar_segment_3
286,True,False,False,False,False,Simple Complex,soul,105.0,drummer7,session3,beat,4-4,9,midi_files/SimpleComplex/tested_with_Participant_1_Only/dualized,midi_files/SimpleComplex/tested_with_Participant_1_Only/[286 P1] drummer7-session3-150_soul_105_beat_4-4_best_2bar_segment_9
287,True,False,False,False,False,Simple Complex,hiphop,67.0,drummer7,session3,beat,4-4,1,midi_files/SimpleComplex/tested_with_Participant_1_Only/dualized,midi_files/SimpleComplex/tested_with_Participant_1_Only/[287 P1] drummer7-session3-38_hiphop_67_beat_4-4_best_2bar_segment_1
288,True,False,False,False,False,Simple Complex,rock-indie,63.0,drummer7,session3,beat,4-4,16,midi_files/SimpleComplex/tested_with_Participant_1_Only/dualized,midi_files/SimpleComplex/tested_with_Participant_1_Only/[288 P1] drummer7-session3-39_rock-indie_63_beat_4-4_best_2bar_segment_16
289,True,False,False,False,False,Simple Complex,funk,112.0,drummer7,session3,beat,4-4,17,midi_files/SimpleComplex/tested_with_Participant_1_Only/dualized,midi_files/SimpleComplex/tested_with_Participant_1_Only/[289 P1] drummer7-session3-47_funk_112_beat_4-4_best_2bar_segment_17
290,True,False,False,False,False,Simple Complex,funk,112.0,drummer7,session3,beat,4-4,0,midi_files/SimpleComplex/tested_with_Participant_1_Only/dualized,midi_files/SimpleComplex/tested_with_Participant_1_Only/[290 P1] drummer7-session3-48_funk_112_beat_4-4_best_2bar_segment_0
291,True,False,False,False,False,Simple Complex,neworleans-funk,93.0,drummer7,session3,beat,4-4,12,midi_files/SimpleComplex/tested_with_Participant_1_Only/dualized,midi_files/SimpleComplex/tested_with_Participant_1_Only/[291 P1] drummer7-session3-67_neworleans-funk_93_beat_4-4_best_2bar_segment_12
292,True,False,False,False,False,Simple Complex,funk-groove1,138.0,drummer8,eval,beat,4-4,7,midi_files/SimpleComplex/tested_with_Participant_1_Only/dualized,midi_files/SimpleComplex/tested_with_Participant_1_Only/[292 P1] drummer8-eval-session-1_funk-groove1_138_beat_4-4_best_2bar_segment_7
293,True,False,False,False,False,Simple Complex,soul-groove4,80.0,drummer8,eval,beat,4-4,10,midi_files/SimpleComplex/tested_with_Participant_1_Only/dualized,midi_files/SimpleComplex/tested_with_Participant_1_Only/[293 P1] drummer8-eval-session-4_soul-groove4_80_beat_4-4_best_2bar_segment_10
294,True,False,False,False,False,Simple Complex,hiphop-groove6,87.0,drummer8,eval,beat,4-4,1,midi_files/SimpleComplex/tested_with_Participant_1_Only/dualized,midi_files/SimpleComplex/tested_with_Participant_1_Only/[294 P1] drummer8-eval-session-6_hiphop-groove6_87_beat_4-4_best_2bar_segment_1
295,True,False,False,False,False,Simple Complex,neworleans-funk,82.0,drummer8,session1,beat,4-4,4,midi_files/SimpleComplex/tested_with_Participant_1_Only/dualized,midi_files/SimpleComplex/tested_with_Participant_1_Only/[295 P1] drummer8-session1-10_neworleans-funk_82_beat_4-4_best_2bar_segment_4
296,True,False,False,False,False,Simple Complex,latin,118.0,drummer8,session1,beat,4-4,27,midi_files/SimpleComplex/tested_with_Participant_1_Only/dualized,midi_files/SimpleComplex/tested_with_Participant_1_Only/[296 P1] drummer8-session1-13_latin_118_beat_4-4_best_2bar_segment_27
297,True,False,False,False,False,Simple Complex,afrobeat,90.0,drummer8,session1,beat,4-4,30,midi_files/SimpleComplex/tested_with_Participant_1_Only/dualized,midi_files/SimpleComplex/tested_with_Participant_1_Only/[297 P1] drummer8-session1-16_afrobeat_90_beat_4-4_best_2bar_segment_30
298,True,False,False,False,False,Simple Complex,afrobeat,90.0,drummer8,session1,beat,4-4,12,midi_files/SimpleComplex/tested_with_Participant_1_Only/dualized,midi_files/SimpleComplex/tested_with_Participant_1_Only/[298 P1] drummer8-session1-17_afrobeat_90_beat_4-4_best_2bar_segment_12
299,True,False,False,False,False,Simple Complex,funk,108.0,drummer8,session1,beat,4-4,28,midi_files/SimpleComplex/tested_with_Participant_1_Only/dualized,midi_files/SimpleComplex/tested_with_Participant_1_Only/[299 P1] drummer8-session1-18_funk_108_beat_4-4_best_2bar_segment_28
300,True,False,False,False,False,Simple Complex,funk,95.0,drummer8,session1,beat,4-4,5,midi_files/SimpleComplex/tested_with_Participant_1_Only/dualized,midi_files/SimpleComplex/tested_with_Participant_1_Only/[300 P1] drummer8-session1-1_funk_95_beat_4-4_best_2bar_segment_5
301,True,False,False,False,False,Simple Complex,rock-shuffle,112.0,drummer8,session1,beat,4-4,60,midi_files/SimpleComplex/tested_with_Participant_1_Only/dualized,midi_files/SimpleComplex/tested_with_Participant_1_Only/[301 P1] drummer8-session1-20_rock-shuffle_112_beat_4-4_best_2bar_segment_60
302,True,False,False,False,False,Simple Complex,rock-shuffle,112.0,drummer8,session1,beat,4-4,17,midi_files/SimpleComplex/tested_with_Participant_1_Only/dualized,midi_files/SimpleComplex/tested_with_Participant_1_Only/[302 P1] drummer8-session1-21_rock-shuffle_112_beat_4-4_best_2bar_segment_17
303,True,False,False,False,False,Simple Complex,hiphop,70.0,drummer8,session1,beat,4-4,0,midi_files/SimpleComplex/tested_with_Participant_1_Only/dualized,midi_files/SimpleComplex/tested_with_Participant_1_Only/[303 P1] drummer8-session1-23_hiphop_70_beat_4-4_best_2bar_segment_0
304,True,False,False,False,False,Simple Complex,afrobeat,94.0,drummer8,session1,beat,4-4,5,midi_files/SimpleComplex/tested_with_Participant_1_Only/dualized,midi_files/SimpleComplex/tested_with_Participant_1_Only/[304 P1] drummer8-session1-26_afrobeat_94_beat_4-4_best_2bar_segment_5
305,True,False,False,False,False,Simple Complex,rock,102.0,drummer8,session1,beat,4-4,1,midi_files/SimpleComplex/tested_with_Participant_1_Only/dualized,midi_files/SimpleComplex/tested_with_Participant_1_Only/[305 P1] drummer8-session1-28_rock_102_beat_4-4_best_2bar_segment_1
306,True,False,False,False,False,Simple Complex,funk,95.0,drummer8,session1,beat,4-4,4,midi_files/SimpleComplex/tested_with_Participant_1_Only/dualized,midi_files/SimpleComplex/tested_with_Participant_1_Only/[306 P1] drummer8-session1-2_funk_95_beat_4-4_best_2bar_segment_4
307,True,False,False,False,False,Simple Complex,funk,80.0,drummer8,session1,beat,4-4,3,midi_files/SimpleComplex/tested_with_Participant_1_Only/dualized,midi_files/SimpleComplex/tested_with_Participant_1_Only/[307 P1] drummer8-session1-6_funk_80_beat_4-4_best_2bar_segment_3
308,True,False,False,False,False,Simple Complex,funk,81.0,drummer8,session2,beat,4-4,4,midi_files/SimpleComplex/tested_with_Participant_1_Only/dualized,midi_files/SimpleComplex/tested_with_Participant_1_Only/[308 P1] drummer8-session2-12_funk_81_beat_4-4_best_2bar_segment_4
309,True,False,False,False,False,Simple Complex,afrobeat,103.0,drummer8,session2,beat,4-4,26,midi_files/SimpleComplex/tested_with_Participant_1_Only/dualized,midi_files/SimpleComplex/tested_with_Participant_1_Only/[309 P1] drummer8-session2-14_afrobeat_103_beat_4-4_best_2bar_segment_26
310,True,False,False,False,False,Simple Complex,afrobeat,85.0,drummer8,session2,beat,4-4,17,midi_files/SimpleComplex/tested_with_Participant_1_Only/dualized,midi_files/SimpleComplex/tested_with_Participant_1_Only/[310 P1] drummer8-session2-17_afrobeat_85_beat_4-4_best_2bar_segment_17
311,True,False,False,False,False,Simple Complex,neworleans-funk,90.0,drummer8,session2,beat,4-4,4,midi_files/SimpleComplex/tested_with_Participant_1_Only/dualized,midi_files/SimpleComplex/tested_with_Participant_1_Only/[311 P1] drummer8-session2-19_neworleans-funk_90_beat_4-4_best_2bar_segment_4
312,True,False,False,False,False,Simple Complex,funk,92.0,drummer8,session2,beat,4-4,11,midi_files/SimpleComplex/tested_with_Participant_1_Only/dualized,midi_files/SimpleComplex/tested_with_Participant_1_Only/[312 P1] drummer8-session2-1_funk_92_beat_4-4_best_2bar_segment_11
313,True,False,False,False,False,Simple Complex,neworleans-funk,90.0,drummer8,session2,beat,4-4,18,midi_files/SimpleComplex/tested_with_Participant_1_Only/dualized,midi_files/SimpleComplex/tested_with_Participant_1_Only/[313 P1] drummer8-session2-20_neworleans-funk_90_beat_4-4_best_2bar_segment_18
314,True,False,False,False,False,Simple Complex,latin-bounce,106.0,drummer8,session2,beat,4-4,30,midi_files/SimpleComplex/tested_with_Participant_1_Only/dualized,midi_files/SimpleComplex/tested_with_Participant_1_Only/[314 P1] drummer8-session2-29_latin-bounce_106_beat_4-4_best_2bar_segment_30
315,True,False,False,False,False,Simple Complex,funk,92.0,drummer8,session2,beat,4-4,56,midi_files/SimpleComplex/tested_with_Participant_1_Only/dualized,midi_files/SimpleComplex/tested_with_Participant_1_Only/[315 P1] drummer8-session2-2_funk_92_beat_4-4_best_2bar_segment_56
316,True,False,False,False,False,Simple Complex,afrobeat,98.0,drummer8,session2,beat,4-4,11,midi_files/SimpleComplex/tested_with_Participant_1_Only/dualized,midi_files/SimpleComplex/tested_with_Participant_1_Only/[316 P1] drummer8-session2-30_afrobeat_98_beat_4-4_best_2bar_segment_11
317,True,False,False,False,False,Simple Complex,afrobeat,98.0,drummer8,session2,beat,4-4,5,midi_files/SimpleComplex/tested_with_Participant_1_Only/dualized,midi_files/SimpleComplex/tested_with_Participant_1_Only/[317 P1] drummer8-session2-31_afrobeat_98_beat_4-4_best_2bar_segment_5
318,True,False,False,False,False,Simple Complex,rock,117.0,drummer8,session2,beat,4-4,75,midi_files/SimpleComplex/tested_with_Participant_1_Only/dualized,midi_files/SimpleComplex/tested_with_Participant_1_Only/[318 P1] drummer8-session2-32_rock_117_beat_4-4_best_2bar_segment_75
319,True,False,False,False,False,Simple Complex,latin-brazilian-songo,120.0,drummer8,session2,beat,4-4,54,midi_files/SimpleComplex/tested_with_Participant_1_Only/dualized,midi_files/SimpleComplex/tested_with_Participant_1_Only/[319 P1] drummer8-session2-35_latin-brazilian-songo_120_beat_4-4_best_2bar_segment_54
320,True,False,False,False,False,Simple Complex,latin,118.0,drummer8,session2,beat,4-4,18,midi_files/SimpleComplex/tested_with_Participant_1_Only/dualized,midi_files/SimpleComplex/tested_with_Participant_1_Only/[320 P1] drummer8-session2-36_latin_118_beat_4-4_best_2bar_segment_18
321,True,False,False,False,False,Simple Complex,rock,112.0,drummer8,session2,beat,4-4,4,midi_files/SimpleComplex/tested_with_Participant_1_Only/dualized,midi_files/SimpleComplex/tested_with_Participant_1_Only/[321 P1] drummer8-session2-38_rock_112_beat_4-4_best_2bar_segment_4
322,True,False,False,False,False,Simple Complex,afrobeat,114.0,drummer8,session2,beat,4-4,11,midi_files/SimpleComplex/tested_with_Participant_1_Only/dualized,midi_files/SimpleComplex/tested_with_Participant_1_Only/[322 P1] drummer8-session2-3_afrobeat_114_beat_4-4_best_2bar_segment_11
323,True,False,False,False,False,Simple Complex,rock-indie,104.0,drummer8,session2,beat,4-4,12,midi_files/SimpleComplex/tested_with_Participant_1_Only/dualized,midi_files/SimpleComplex/tested_with_Participant_1_Only/[323 P1] drummer8-session2-40_rock-indie_104_beat_4-4_best_2bar_segment_12
324,True,False,False,False,False,Simple Complex,highlife,126.0,drummer8,session2,beat,4-4,50,midi_files/SimpleComplex/tested_with_Participant_1_Only/dualized,midi_files/SimpleComplex/tested_with_Participant_1_Only/[324 P1] drummer8-session2-41_highlife_126_beat_4-4_best_2bar_segment_50
325,True,False,False,False,False,Simple Complex,highlife,126.0,drummer8,session2,beat,4-4,14,midi_files/SimpleComplex/tested_with_Participant_1_Only/dualized,midi_files/SimpleComplex/tested_with_Participant_1_Only/[325 P1] drummer8-session2-42_highlife_126_beat_4-4_best_2bar_segment_14
326,True,False,False,False,False,Simple Complex,afrobeat,114.0,drummer8,session2,beat,4-4,27,midi_files/SimpleComplex/tested_with_Participant_1_Only/dualized,midi_files/SimpleComplex/tested_with_Participant_1_Only/[326 P1] drummer8-session2-4_afrobeat_114_beat_4-4_best_2bar_segment_27
327,True,False,False,False,False,Simple Complex,funk,91.0,drummer8,session2,beat,4-4,5,midi_files/SimpleComplex/tested_with_Participant_1_Only/dualized,midi_files/SimpleComplex/tested_with_Participant_1_Only/[327 P1] drummer8-session2-5_funk_91_beat_4-4_best_2bar_segment_5
328,True,False,False,False,False,Simple Complex,funk,91.0,drummer8,session2,beat,4-4,22,midi_files/SimpleComplex/tested_with_Participant_1_Only/dualized,midi_files/SimpleComplex/tested_with_Participant_1_Only/[328 P1] drummer8-session2-6_funk_91_beat_4-4_best_2bar_segment_22
329,True,False,False,False,False,Simple Complex,hiphop,86.0,drummer8,session2,beat,4-4,32,midi_files/SimpleComplex/tested_with_Participant_1_Only/dualized,midi_files/SimpleComplex/tested_with_Participant_1_Only/[329 P1] drummer8-session2-9_hiphop_86_beat_4-4_best_2bar_segment_32
330,True,False,False,False,False,Simple Complex,rock,100.0,drummer9,session1,beat,4-4,1,midi_files/SimpleComplex/tested_with_Participant_1_Only/dualized,midi_files/SimpleComplex/tested_with_Participant_1_Only/[330 P1] drummer9-session1-11_rock_100_beat_4-4_best_2bar_segment_1
331,True,False,False,False,False,Simple Complex,rock,100.0,drummer9,session1,beat,4-4,1,midi_files/SimpleComplex/tested_with_Participant_1_Only/dualized,midi_files/SimpleComplex/tested_with_Participant_1_Only/[331 P1] drummer9-session1-12_rock_100_beat_4-4_best_2bar_segment_1
332,True,False,False,False,False,Simple Complex,rock,120.0,drummer9,session1,beat,4-4,0,midi_files/SimpleComplex/tested_with_Participant_1_Only/dualized,midi_files/SimpleComplex/tested_with_Participant_1_Only/[332 P1] drummer9-session1-13_rock_120_beat_4-4_best_2bar_segment_0
333,True,False,False,False,False,Simple Complex,rock,120.0,drummer9,session1,beat,4-4,2,midi_files/SimpleComplex/tested_with_Participant_1_Only/dualized,midi_files/SimpleComplex/tested_with_Participant_1_Only/[333 P1] drummer9-session1-14_rock_120_beat_4-4_best_2bar_segment_2
334,True,False,False,False,False,Simple Complex,rock,120.0,drummer9,session1,beat,4-4,1,midi_files/SimpleComplex/tested_with_Participant_1_Only/dualized,midi_files/SimpleComplex/tested_with_Participant_1_Only/[334 P1] drummer9-session1-15_rock_120_beat_4-4_best_2bar_segment_1
335,True,False,False,False,False,Simple Complex,rock,120.0,drummer9,session1,beat,4-4,3,midi_files/SimpleComplex/tested_with_Participant_1_Only/dualized,midi_files/SimpleComplex/tested_with_Participant_1_Only/[335 P1] drummer9-session1-18_rock_120_beat_4-4_best_2bar_segment_3
336,True,False,False,False,False,Simple Complex,rock,120.0,drummer9,session1,beat,4-4,3,midi_files/SimpleComplex/tested_with_Participant_1_Only/dualized,midi_files/SimpleComplex/tested_with_Participant_1_Only/[336 P1] drummer9-session1-19_rock_120_beat_4-4_best_2bar_segment_3
337,True,False,False,False,False,Simple Complex,rock,100.0,drummer9,session1,beat,4-4,0,midi_files/SimpleComplex/tested_with_Participant_1_Only/dualized,midi_files/SimpleComplex/tested_with_Participant_1_Only/[337 P1] drummer9-session1-1_rock_100_beat_4-4_best_2bar_segment_0
338,True,False,False,False,False,Simple Complex,rock,120.0,drummer9,session1,beat,4-4,8,midi_files/SimpleComplex/tested_with_Participant_1_Only/dualized,midi_files/SimpleComplex/tested_with_Participant_1_Only/[338 P1] drummer9-session1-23_rock_120_beat_4-4_best_2bar_segment_8
339,True,False,False,False,False,Simple Complex,rock,90.0,drummer9,session1,beat,4-4,0,midi_files/SimpleComplex/tested_with_Participant_1_Only/dualized,midi_files/SimpleComplex/tested_with_Participant_1_Only/[339 P1] drummer9-session1-26_rock_90_beat_4-4_best_2bar_segment_0
340,True,False,False,False,False,Simple Complex,rock,90.0,drummer9,session1,beat,4-4,1,midi_files/SimpleComplex/tested_with_Participant_1_Only/dualized,midi_files/SimpleComplex/tested_with_Participant_1_Only/[340 P1] drummer9-session1-28_rock_90_beat_4-4_best_2bar_segment_1
341,True,False,False,False,False,Simple Complex,rock,100.0,drummer9,session1,beat,4-4,0,midi_files/SimpleComplex/tested_with_Participant_1_Only/dualized,midi_files/SimpleComplex/tested_with_Participant_1_Only/[341 P1] drummer9-session1-2_rock_100_beat_4-4_best_2bar_segment_0
342,True,False,False,False,False,Simple Complex,rock,100.0,drummer9,session1,beat,4-4,2,midi_files/SimpleComplex/tested_with_Participant_1_Only/dualized,midi_files/SimpleComplex/tested_with_Participant_1_Only/[342 P1] drummer9-session1-3_rock_100_beat_4-4_best_2bar_segment_2
343,True,False,False,False,False,Simple Complex,rock,100.0,drummer9,session1,beat,4-4,12,midi_files/SimpleComplex/tested_with_Participant_1_Only/dualized,midi_files/SimpleComplex/tested_with_Participant_1_Only/[343 P1] drummer9-session1-5_rock_100_beat_4-4_best_2bar_segment_12
344,True,False,False,False,False,Simple Complex,rock,100.0,drummer9,session1,beat,4-4,0,midi_files/SimpleComplex/tested_with_Participant_1_Only/dualized,midi_files/SimpleComplex/tested_with_Participant_1_Only/[344 P1] drummer9-session1-7_rock_100_beat_4-4_best_2bar_segment_0
345,True,False,False,False,False,Simple Complex,rock,100.0,drummer9,session1,beat,4-4,2,midi_files/SimpleComplex/tested_with_Participant_1_Only/dualized,midi_files/SimpleComplex/tested_with_Participant_1_Only/[345 P1] drummer9-session1-8_rock_100_beat_4-4_best_2bar_segment_2
